scenario_id,anwg__full_prefill,anwg__chunked_prefill_small,anwg__estimated_service_time_first,anwg__weighted_fair_share,anwg__least_laxity_first,anwg__kv_constrained_online,anwg__official_vtc_joint_token_budget_remap,anwg__vllm_style_continuous_batching
joint_mm_0000,0.1928770189717766,0.1825470440636209,0.1928770189717766,0.1928770189717766,0.1928770189717766,0.1928770189717766,0.1928770189717766,0.1928770189717766
joint_mm_0001,0.1929760100642676,0.1273376654102033,0.1890369861663422,0.1736121559773075,0.2257951823912998,0.2084008402533023,0.14473200754820076,0.19297601006426765
joint_mm_0002,0.1270068586610062,0.0682721535954716,0.3729931413389938,0.4229454048175473,0.3142584362734592,0.3745031552249058,0.13654430719094335,0.0785646090683648
joint_mm_0003,0.2400482942367094,0.1803748883807141,0.4528558573238544,0.4212507165945601,0.3615773107385648,0.4910076124227439,0.27820004933559883,0.0
joint_mm_0004,0.0,0.0,0.0,0.0,0.0,0.0,0.0,0.0
joint_mm_0005,0.1515890238971197,0.1114117059480538,0.1424687759979756,0.1321164193146683,0.1722937372637343,0.1814139851628785,0.15158902389711978,0.0
joint_mm_0006,0.2451387884697582,0.2304396976591624,0.362731514954525,0.290027020119941,0.3480324241439292,0.3186342425227375,0.24513878846975828,0.24513878846975823
joint_mm_0007,0.0867709200253629,0.0867709200253629,0.1347083680101451,0.1656551137839776,0.1935672009097428,0.1826458159949274,0.151699070221095,0.08677092002536292
joint_mm_0008,0.2089965329115823,0.1792987543060924,0.2143168569035484,0.1941476436088374,0.2318259082022763,0.2265055842103103,0.20633637091559937,0.03235794060147291
joint_mm_0009,0.2406814940057184,0.1831875345836123,0.2874697971105301,0.2767641407932358,0.2767641407932358,0.2660584844759415,0.2406814940057184,0.2406814940057184
joint_mm_0010,0.0089558548074906,0.0,0.0089558548074906,0.0089558548074906,0.0089558548074906,0.0089558548074906,0.00895585480749062,0.00895585480749062
joint_mm_0011,0.1731080864586447,0.1731080864586447,0.2625351568852082,0.2347408227884425,0.3027156409962903,0.3087597091325565,0.219332638705993,0.07099685227598099
joint_mm_0012,0.8281956516868711,0.8281956516868711,0.8281956516868711,0.8281956516868711,0.8281956516868711,0.8281956516868711,0.8281956516868711,0.8281956516868711
joint_mm_0013,0.1898406165811171,0.1898406165811171,0.1705429597635715,0.1769755120360867,0.2063340723471772,0.1705429597635715,0.18340806430860196,0.18984061658111717
joint_mm_0014,0.0280147888662426,0.0280147888662426,0.0280147888662426,0.0280147888662426,0.0280147888662426,0.0280147888662426,0.028014788866242635,0.0
joint_mm_0015,0.1339003977485897,0.1339003977485897,0.2505316228893029,0.3347509943714744,0.2353889418386379,0.4492557279549758,0.18358142401500804,0.13390039774858978
joint_mm_0016,0.8164086616357749,0.8164086616357749,0.8184208717122597,0.898451969814649,0.6933436993674632,0.8164086616357749,0.7666407515813422,0.8164086616357749
joint_mm_0017,0.2538548027579791,0.2610553798310931,0.2538548027579791,0.2538548027579791,0.2538548027579791,0.2538548027579791,0.2538548027579791,0.0
joint_mm_0018,0.1302946362887806,0.1302946362887806,0.1842521323801485,0.2134277864636269,0.2202237964410604,0.1662663003496926,0.13029463628878066,0.13029463628878066
joint_mm_0019,0.1367285981789561,0.0336009719979011,0.1733445383725012,0.1995350579625296,0.1733445383725012,0.2227106093569143,0.11656801498021543,0.12328820937979566
joint_mm_0020,0.1656349936749268,0.1404735546050301,0.2851183886512575,0.3249461869767011,0.2327098707908656,0.3563645452083936,0.22430043069711456,0.1656349936749268
joint_mm_0021,0.253869706019395,0.2685152347903126,0.3393054256806201,0.4109081008923544,0.3116393367816385,0.3832420119933728,0.1985375282214318,0.0854357196612251
joint_mm_0022,0.2786706729152441,0.2485408763585904,0.3784681377007089,0.3803737089108516,0.3671544913750625,0.3803737089108516,0.28807874803074784,0.2692625977997405
joint_mm_0023,0.0,0.0,0.0,0.0,0.0,0.0,0.0,0.0
joint_mm_0024,0.2739671149244735,0.1253482399503387,0.3053041749120581,0.2972377499482695,0.2891713249844808,0.3043755350444881,0.2739671149244735,0.008066424963788666
joint_mm_0025,0.0313058259878379,0.0156529129939189,0.0313058259878379,0.0313058259878379,0.0313058259878379,0.0313058259878379,0.03130582598783795,0.03130582598783795
joint_mm_0026,0.0616726075720103,0.0616726075720103,0.0616726075720103,0.0616726075720103,0.0616726075720103,0.0616726075720103,0.061672607572010346,0.0
joint_mm_0027,0.0105003054906094,0.0,0.0105003054906094,0.0105003054906094,0.0210006109812188,0.0105003054906094,0.01050030549060941,0.0
joint_mm_0028,0.0174392886169317,0.0174392886169317,0.0523178658507953,0.0348785772338635,0.0697571544677271,0.0523178658507953,0.0,0.0
joint_mm_0029,0.0548251284127484,0.0443833159758598,0.0965923781603027,0.0548251284127484,0.1462078265927736,0.0887666319517197,0.05482512841274845,0.05482512841274845
joint_mm_0030,0.2760402041028285,0.1569718462978439,0.2760402041028285,0.2760402041028285,0.2760402041028285,0.2760402041028285,0.2760402041028285,0.03936473185460658
joint_mm_0031,0.622696867279563,0.552444899063045,0.708574810478789,0.7736181203677379,0.6114330806383854,0.708574810478789,0.6600039455585872,0.0433622065926325
joint_mm_0032,0.4909205881815853,0.4720101175997951,0.5221874901695821,0.5221874901695821,0.4720101175997951,0.5658108235637854,0.5156334509939984,0.4720101175997951
joint_mm_0033,0.8146573601849728,0.713234136916533,0.8146573601849728,0.8146573601849728,0.7955177664443935,0.8146573601849728,0.7938819794256669,0.0
joint_mm_0034,0.054594900176928,0.054594900176928,0.0415831643741783,0.0415831643741783,0.0806183717824275,0.0415831643741783,0.026023471605499466,0.039035207408249194
joint_mm_0035,0.0156146140143736,0.0156146140143736,0.0078073070071868,0.0156146140143736,0.0234219210215604,0.0078073070071868,0.015614614014373666,0.015614614014373666
joint_mm_0036,0.0110900835035129,0.0110900835035129,0.0221801670070259,0.0221801670070259,0.0332702505105389,0.0110900835035129,0.04436033401405189,0.011090083503512973
joint_mm_0037,0.3788468912486947,0.2993836326308053,0.4053346441213246,0.3939562546424842,0.3296023594183842,0.3939562546424842,0.34471172281217366,0.07573228470294033
joint_mm_0038,0.1396044228078449,0.1254329880860712,0.2246330311384866,0.2700132038449116,0.2973011110835131,0.2416703344013643,0.1527208953246728,0.0070857173608868135
joint_mm_0039,0.1218882008854535,0.1382691491883342,0.1625176011806047,0.1544347838498479,0.2033623151171229,0.2197432634200036,0.08934161792105919,0.1138053835546967
joint_mm_0040,0.2278534232530132,0.2101361618554237,0.4817232127641969,0.4911413693012053,0.4374300592702232,0.4869918168709148,0.23256250152151742,0.03128497036488836
joint_mm_0041,0.1380162202734212,0.0425863270266563,0.2318887432673385,0.1482734594668734,0.2026743959398294,0.1600880689131731,0.12775898107996897,0.0
joint_mm_0042,0.1529463737636363,0.1245443274156739,0.1624137225462905,0.1755264520035527,0.1529463737636363,0.1981065302434692,0.15294637376363637,0.1529463737636364
joint_mm_0043,0.0676806353884479,0.0543400086559461,0.0676806353884479,0.0543400086559461,0.061010322022197,0.0543400086559461,0.06768063538844793,0.030505161011098514
joint_mm_0044,0.9378021627183248,0.90405104517436,0.9804722423248904,0.9609444846497806,0.8845232874992502,0.9662488824560352,0.8312444122801755,0.9182744050432151
joint_mm_0045,0.00818560769316,0.00818560769316,0.0163712153863201,0.00818560769316,0.0327424307726403,0.00818560769316,0.008185607693160095,0.008185607693160095
joint_mm_0046,0.2108956930631841,0.2317011815620939,0.2489137339760389,0.2259636640907789,0.2166332105344991,0.2374386990334089,0.22237072800581417,0.09684157032461956
joint_mm_0047,0.962204180694898,0.8853279716395167,0.9743745969815396,0.9743745969815396,0.9500337644082568,0.9743745969815396,0.9365787776764378,0.0
joint_mm_0048,0.7848558582822243,0.729539496818401,0.7848558582822243,0.7848558582822243,0.7848558582822243,0.7848558582822243,0.7848558582822243,0.7848558582822243
joint_mm_0049,0.4640401365610286,0.3477555570600243,0.4364852623061472,0.4364852623061472,0.4604585045987949,0.4364852623061472,0.4329036303439135,0.020391610330413857
joint_mm_0050,0.0697837153468841,0.0697837153468841,0.0841372300768109,0.0957678493012916,0.0957678493012916,0.121751983255699,0.06978371534688417,0.06978371534688417
joint_mm_0051,0.1478967834808845,0.1078229178720596,0.2280445146985342,0.1345388282779429,0.2423617461500025,0.2423617461500025,0.1345388282779429,0.10782291787205964
joint_mm_0052,0.113239239127188,0.113239239127188,0.2169019021820298,0.2169019021820298,0.2463224335757811,0.3455422101828059,0.17277110509140298,0.11323923912718806
joint_mm_0053,0.5800355342821216,0.5280502883016903,0.7811285780817719,0.7441891007207928,0.5280502883016902,0.741456491221667,0.4459735050823546,0.24349774015888104
joint_mm_0054,0.1737532688737364,0.1737532688737364,0.1706544406738326,0.1768520970736403,0.1889594160211774,0.2773854645579975,0.18586058782127354,0.17375326887373646
joint_mm_0055,0.1040695176160111,0.0822671352560137,0.1040695176160111,0.1040695176160111,0.1096895136746849,0.1258718999760086,0.10406951761601116,0.0
joint_mm_0056,0.3979335019715009,0.3807849328039323,0.5008249169769128,0.5299558102408024,0.4545454545454545,0.5247895651695547,0.40826599211399633,0.15950336757936545
joint_mm_0057,0.1152390153434196,0.071351139346513,0.142702278693026,0.1591268913403263,0.1408180491072554,0.1591268913403263,0.09693017311034877,0.06031248864420694
joint_mm_0058,0.0153654750870281,0.007682737543514,0.0153654750870281,0.0153654750870281,0.0153654750870281,0.0153654750870281,0.015365475087028175,0.0
joint_mm_0059,0.039369609350331,0.013123203116777,0.039369609350331,0.039369609350331,0.039369609350331,0.039369609350331,0.03936960935033105,0.026246406233554034
joint_mm_0060,0.1232913014561844,0.1295288421883742,0.1295288421883742,0.1232913014561844,0.1096217131056602,0.1232913014561844,0.1482414643849435,0.07100196182637687
joint_mm_0061,0.1281351117374909,0.1182785646807609,0.1798505890526022,0.2118529722542533,0.2094202302227925,0.2537119025126346,0.16013749493914212,0.0
joint_mm_0062,0.4972709134717992,0.4972709134717992,0.4972709134717992,0.4587259895772386,0.4412293398687866,0.4972709134717992,0.4587259895772386,0.038544923894560656
joint_mm_0063,0.0917853443860935,0.0538282163249355,0.1007567137735827,0.0917853443860935,0.1276708219360505,0.0917853443860935,0.10075671377358279,0.09178534438609354
joint_mm_0064,0.329424912414515,0.1865483642440416,0.45248768160427,0.4247212235926016,0.41272428644952,0.5476481555890433,0.345330270476415,0.15082922720142333
joint_mm_0065,0.1654133039930272,0.1654133039930272,0.1520474986883597,0.1654133039930272,0.2548028586418745,0.1996650906441988,0.1654133039930272,0.0
joint_mm_0066,0.058792146435577,0.0391947642903847,0.058792146435577,0.058792146435577,0.058792146435577,0.058792146435577,0.058792146435577085,0.058792146435577085
joint_mm_0067,0.1228299039111635,0.1046755592889286,0.1228299039111635,0.1228299039111635,0.1228299039111635,0.1228299039111635,0.12282990391116351,0.0
joint_mm_0068,0.6245178734593655,0.4116803848809213,0.6210192253903737,0.7058401924404607,0.6400826076417861,0.69027545825804,0.5466942025472621,0.0933884050945241
joint_mm_0069,0.244873329556057,0.244873329556057,0.3117090475507265,0.4056960381553606,0.2812659961270742,0.3534173867890979,0.23493695990817653,0.24487332955605706
joint_mm_0070,0.2731728295667837,0.2488813242245614,0.3703388509356727,0.3718304186362574,0.2974643349090059,0.3217558402512282,0.2731728295667837,0.2245898188823392
joint_mm_0071,0.0928186080378762,0.0928186080378762,0.223204652009469,0.1999999999999999,0.273204652009469,0.2696139560284071,0.1392279120568144,0.09281860803787627
joint_mm_0072,0.5774331964846142,0.4540755709638677,0.5774331964846142,0.5774331964846141,0.6312348173828669,0.6128650457684139,0.5420013472008144,0.034124155338693854
joint_mm_0073,0.3023090213030196,0.2461219609962108,0.3980698815477324,0.3825577255325755,0.3065837652568147,0.3911072134401658,0.2685967851189343,0.0379869801378804
joint_mm_0074,0.4075587726132374,0.3540271935139994,0.4075587726132374,0.4075587726132374,0.4075587726132374,0.4075587726132374,0.4075587726132374,0.19343245621628563
joint_mm_0075,0.4995123836045939,0.4995123836045939,0.7530505956418805,0.7210025160846866,0.4947947675548789,0.7049784763060897,0.4882059598757119,0.1573939733657051
joint_mm_0076,0.0,0.0,0.0,0.0,0.0,0.0,0.0,0.0
joint_mm_0077,0.3395033493203615,0.3117382773787349,0.5110602877665066,0.5765234452425303,0.4882617226212652,0.6049665067963853,0.43340956835024014,0.018510047961084436
joint_mm_0078,0.0513438533789978,0.0205375413515991,0.0513438533789978,0.0513438533789978,0.0616126240547974,0.0513438533789978,0.06161262405479745,0.030806312027398725
joint_mm_0079,0.5743492758085197,0.5399772308356114,0.5628919274842169,0.5628919274842169,0.5514345791599142,0.5628919274842169,0.5628919274842169,0.011457348324302783
joint_mm_0080,0.8080876531109533,0.7542170252868463,0.7845174887035722,0.7845174887035722,0.817345343717471,0.7963025709072628,0.7963025709072628,0.023570164407381095
joint_mm_0081,0.3635042927347018,0.1545256439102052,0.6303646633904724,0.6541624489306355,0.4302193853986445,0.6568647758884784,0.38802846823400455,0.0
joint_mm_0082,0.0,0.0,0.0,0.0,0.0,0.0175311905797344,0.0,0.0
joint_mm_0083,0.0359239666629192,0.0359239666629192,0.0359239666629192,0.0359239666629192,0.0359239666629192,0.0359239666629192,0.03592396666291924,0.03592396666291924
joint_mm_0084,0.0273402055476116,0.0,0.0455670092460194,0.0364536073968155,0.0273402055476116,0.0364536073968155,0.027340205547611667,0.0
joint_mm_0085,0.3908534861527558,0.3271948806138581,0.3908534861527558,0.3908534861527558,0.3908534861527558,0.3908534861527558,0.3908534861527558,0.04091465138472442
joint_mm_0086,0.1521231973850307,0.0748172412483709,0.3042463947700615,0.292269404386334,0.2149634482496741,0.2149634482496741,0.20998601847309636,0.0
joint_mm_0087,0.2855801290736831,0.2394145177435162,0.4467774004988439,0.5923312226603337,0.4154905019715018,0.568866048764827,0.33174574040384996,0.0
joint_mm_0088,0.1385516075834819,0.1221812699367718,0.2162113343364291,0.2325816719831391,0.2036354498946198,0.2611303857959562,0.13855160758348192,0.13855160758348192
joint_mm_0089,0.0975292530503105,0.0511448021029836,0.117987173891504,0.1234557831564441,0.169840234103771,0.1855378037893079,0.12345578315644411,0.09752925305031057
joint_mm_0090,0.7983214526921966,0.7754543480287489,0.9064333972114552,0.8835662925480074,0.7525872433653013,0.8835662925480074,0.8149649785576646,0.7983214526921966
joint_mm_0091,0.7063492723653312,0.7589286209406652,0.7063492723653312,0.7063492723653312,0.7063492723653312,0.7063492723653312,0.7063492723653312,0.6448413028493323
joint_mm_0092,0.6288929304220919,0.5261000879350817,0.6528732179496761,0.5901446758327985,0.5701125256477322,0.6328410677646096,0.5714285714285714,0.08012860074026532
joint_mm_0093,0.0417766292531238,0.0417766292531238,0.0696277154218731,0.0417766292531238,0.1272249974116046,0.0575972819897315,0.08355325850624776,0.04177662925312388
joint_mm_0094,0.090587942427141,0.0466031258419029,0.0789371609666653,0.0672863795061895,0.090587942427141,0.0672863795061895,0.06728637950618956,0.03495234438142721
joint_mm_0095,0.2939797967349313,0.2646111102552653,0.3336262652716042,0.4317171748293384,0.3333333333333333,0.3336262652716042,0.23524242377559923,0.24493434195606428
joint_mm_0096,0.3764698238565518,0.3764698238565518,0.5165563469989273,0.5690633790001532,0.5252736334295786,0.4727666014283525,0.41829980428505753,0.33268007828597707
joint_mm_0097,1.0000000000000002,1.0000000000000002,1.0000000000000002,1.0000000000000002,1.0000000000000004,1.0000000000000002,1.0000000000000004,1.0000000000000002
joint_mm_0098,0.6695187143399024,0.6305882287303806,0.7084491999494243,0.732192514264039,0.693262028654517,0.7084491999494243,0.5356149714719219,0.0864171142387512
joint_mm_0099,0.3657190814722855,0.2918386031710203,0.4893932359683263,0.4848998899433878,0.3861225735447347,0.4759131978935105,0.38531253755383643,0.009796728040775473
joint_mm_0100,0.5841356669446693,0.4761603806243709,0.6136418238401207,0.5841356669446693,0.5841356669446693,0.5841356669446693,0.49027159218302774,0.0
joint_mm_0101,0.1263343137898417,0.1384962402370943,0.114172387342589,0.114172387342589,0.1792012635199942,0.114172387342589,0.0734673640596891,0.077686608000831
joint_mm_0102,0.1373287075299875,0.1206368478171324,0.1745062567828448,0.1411225373571347,0.1874042866685526,0.1373287075299875,0.14112253735713476,0.13732870752998752
joint_mm_0103,0.0,0.0,0.0,0.0,0.0174420966547995,0.0309301097395042,0.0,0.0
joint_mm_0104,0.0,0.0,0.0,0.0,0.0,0.0,0.0,0.0
joint_mm_0105,0.0215984704409467,0.0215984704409467,0.0107992352204733,0.0107992352204733,0.0431969408818935,0.030014109563942,0.01079923522047338,0.02159847044094676
joint_mm_0106,0.439524544547388,0.4159202574075694,0.5310122179005324,0.483803643620895,0.4631288316872067,0.5310122179005324,0.4424540197535185,0.02653376234594907
joint_mm_0107,0.4331648473082987,0.4190255596207001,0.5347093616068153,0.5514181497797406,0.5758354394086463,0.5064307862316182,0.3907469842455031,0.0
joint_mm_0108,0.2885685975964991,0.2885685975964991,0.4661848510322054,0.4154043133439902,0.2854381746683784,0.4048153989528581,0.2611299229579934,0.28856859759649917
joint_mm_0109,0.5784355845589736,0.6050913948177378,0.6048249867799431,0.6312143890009128,0.525923188154829,0.6048249867799431,0.5260563921737264,0.0790350026440114
joint_mm_0110,0.2791444040563764,0.2283323636536671,0.269657373750684,0.269657373750684,0.2791444040563764,0.2696573737506841,0.2791444040563764,0.060299070708401736
joint_mm_0111,0.0321415760021696,0.0087275964487836,0.0555555555555555,0.0321415760021696,0.0408691724509532,0.0789695351089415,0.03214157600216962,0.03214157600216962
joint_mm_0112,0.2201580456483646,0.2201580456483646,0.2201580456483645,0.2337557797554787,0.2473535138625928,0.2201580456483646,0.2065603115412505,0.0
joint_mm_0113,0.1693656038314434,0.1693656038314434,0.2227566909003216,0.2389503138889826,0.2046389806705026,0.2449895506322557,0.11693656038314436,0.1401314637356574
joint_mm_0114,0.9656621573866911,0.9656621573866911,1.0,1.0,0.9656621573866911,1.0000000000000002,0.9656621573866914,0.47319597698650734
joint_mm_0115,0.1456361462682615,0.1344735363586932,0.1682224748093349,0.1793850847189032,0.2131340231695449,0.1796461934408401,0.13473464508063013,0.07839937808891488
joint_mm_0116,0.1428571428571428,0.1179761556997727,0.2700594020920618,0.327648818217914,0.2437797532106574,0.2516071950217693,0.18479167536077107,0.0
joint_mm_0117,0.4576023898261007,0.4050439432130661,0.4516448393978539,0.4516448393978539,0.3524854966000316,0.4635599402543475,0.41940806566308986,0.41100149364131294
joint_mm_0118,0.1696333782174188,0.1696333782174188,0.2374640545667401,0.2649220277245185,0.3118087832770592,0.2794652708485325,0.1809195951609339,0.1567186481836543
joint_mm_0119,0.4309152992589052,0.4627154626638315,0.6315789473684211,0.610747531825979,0.5153470416112,0.610747531825979,0.4100838837164632,0.3574523047690948
joint_mm_0120,0.7332198434009828,0.7332198434009828,0.7617028084251335,0.7332198434009828,0.7487306629565292,0.7487306629565292,0.7047368783768322,0.7332198434009828
joint_mm_0121,0.3242836394867407,0.3053696027483319,0.2287984508167664,0.2666265242935842,0.4017697963962361,0.2873705709878529,0.26845653424944393,0.32428363948674077
joint_mm_0122,0.0085353644601264,0.0085353644601264,0.0085353644601264,0.0085353644601264,0.0085353644601264,0.0170707289202529,0.00853536446012646,0.00853536446012646
joint_mm_0123,0.4806421653942964,0.3302001038628755,0.5730107231086063,0.6548626768456292,0.4806421653942964,0.5918100999313531,0.42754773467435064,0.03871566921140726
joint_mm_0124,0.1568109151127374,0.1252492956056611,0.334164318685537,0.2820602107183985,0.2289589203286157,0.415835681314463,0.18737535219716944,0.15681091511273745
joint_mm_0125,0.115018160557922,0.0945053870547863,0.1457873208126256,0.115018160557922,0.1355309340610578,0.115018160557922,0.11501816055792208,0.11501816055792208
joint_mm_0126,0.0867985253565751,0.0867985253565751,0.0722311623305134,0.0867985253565751,0.0864956989566775,0.0864956989566775,0.0864956989566775,0.08679852535657513
joint_mm_0127,0.1600474015717383,0.1543173153335398,0.1543173153335398,0.1771586576667699,0.245761687286024,0.2228413423332301,0.14285714285714285,0.14285714285714285
joint_mm_0128,0.2890489614939501,0.2028017639980623,0.4102625289404902,0.5174831849753262,0.4079250741790036,0.5174831849753262,0.2773935048437326,0.03496636995065241
joint_mm_0129,0.1178750954505945,0.1178750954505945,0.1480104236625632,0.1260754818529068,0.1178750954505945,0.1333871291227923,0.12607548185290682,0.021934941809656446
joint_mm_0130,0.139796162807678,0.139796162807678,0.205752264128597,0.1873197237503626,0.1714419034448605,0.1899843437969166,0.09760184195810143,0.07650468153331311
joint_mm_0131,0.035832970183382,0.0143331880733528,0.0501661582567349,0.0286663761467056,0.0429995642200584,0.0429995642200584,0.03583297018338208,0.0
joint_mm_0132,0.228179509337946,0.1611748869994507,0.2629491542765512,0.2790666429764963,0.2468316655766061,0.2629491542765512,0.21206202063800098,0.1959445319380559
joint_mm_0133,0.2934695587840432,0.2863212220482086,0.3460199457184381,0.2648762118407046,0.2791728853123739,0.3388716089826035,0.27917288531237394,0.0548685404105361
joint_mm_0134,0.8089412170076368,0.7601597261188707,0.8252017139705587,0.8089412170076368,0.8231681236892083,0.8252017139705586,0.8069076267262864,0.0
joint_mm_0135,0.2180284289850966,0.2180284289850966,0.2180284289850966,0.2180284289850966,0.254474659531583,0.2180284289850966,0.19533065418027035,0.18158219843861018
joint_mm_0136,0.1716771213561632,0.1176893291093822,0.3033748705295056,0.3379351735446463,0.3293458226483664,0.4233129870779684,0.24621679655412493,0.03456030301514071
joint_mm_0137,0.2194613323119317,0.2093165326694222,0.4002055959654637,0.3881986664113162,0.3799159966804448,0.3637677322608617,0.23374746681987688,0.13002026544098477
joint_mm_0138,0.3919940119668106,0.3667957335263526,0.3804096557035177,0.3672016467091271,0.3163991766454364,0.4047961077784269,0.29160681138775285,0.39199401196681066
joint_mm_0139,0.0314865949154937,0.0104955316384979,0.0209910632769958,0.0209910632769958,0.0419821265539916,0.0209910632769958,0.020991063276995816,0.010495531638497908
joint_mm_0140,0.0165066507450139,0.0,0.0165066507450139,0.0165066507450139,0.0247599761175208,0.0165066507450139,0.016506650745013902,0.008253325372506951
joint_mm_0141,0.2292138524638077,0.1992171845542698,0.4326698801603512,0.477664882024658,0.4969020591217005,0.4026732122508133,0.30616256085197785,0.029996667909537894
joint_mm_0142,0.6400966432843017,0.5874641966967339,0.6664128665780856,0.6795709782249776,0.6400966432843017,0.6664128665780856,0.6563498114855336,0.0
joint_mm_0143,0.452892984860104,0.452892984860104,0.5730320422727027,0.5730320422727027,0.4105290088459252,0.613657800629397,0.452892984860104,0.24201633248268187
joint_mm_0144,0.4286227253858602,0.3899263714353971,0.4286227253858602,0.4286227253858602,0.4286227253858602,0.4286227253858602,0.40927454841062866,0.42862272538586027
joint_mm_0145,0.137982406457645,0.1080764603255257,0.137982406457645,0.137982406457645,0.137982406457645,0.137982406457645,0.13798240645764506,0.02990594613211933
joint_mm_0146,0.1931556211962538,0.1931556211962538,0.4139724478621226,0.3931083394871487,0.2829363346997396,0.3380223370934442,0.20698622393106134,0.19315562119625387
joint_mm_0147,0.4145373994604827,0.2841999918210151,0.4829160236665012,0.5085526678847553,0.4551251929000497,0.5277694713304399,0.4551251929000497,0.057693129209077376
joint_mm_0148,0.0141903997572761,0.0141903997572761,0.0283807995145522,0.0283807995145522,0.0283807995145522,0.0283807995145522,0.014190399757276135,0.0
joint_mm_0149,0.0,0.0,0.0,0.0,0.0,0.0,0.0,0.0
joint_mm_0150,0.4471595890789396,0.4018173741678899,0.6369092418606154,0.6135320567031177,0.5528404109210604,0.7115381631097347,0.4782114896719411,0.44715958907893966
joint_mm_0151,0.1754708918161273,0.0591984155689522,0.1775952467068568,0.1670207258151216,0.1966199335995977,0.1860454127078625,0.17759524670685678,0.010574520891735231
joint_mm_0152,0.1047900586584054,0.078592543993804,0.1571850879876081,0.1047900586584054,0.1047900586584054,0.078592543993804,0.05239502932920271,0.0
joint_mm_0153,0.0827220268401521,0.0494771286431177,0.0746059116171104,0.0746059116171104,0.1321991554832699,0.0746059116171104,0.08272202684015216,0.0332448981970344
joint_mm_0154,0.4806402883515725,0.3989202643222749,0.6801004205127101,0.6729336537239695,0.5215003003662214,0.6586001201464885,0.5888867908180382,0.4806402883515725
joint_mm_0155,0.2305076257823653,0.2179097003158142,0.2538309930232445,0.3998981079241981,0.2972422204995665,0.3747022569910959,0.2575759604076904,0.180115923916161
joint_mm_0156,0.1930224684712593,0.1550374474520989,0.3144928696812053,0.3480599159233583,0.3259700420383209,0.3348059915923358,0.23852282764288443,0.19302246847125934
joint_mm_0157,0.2216119577328324,0.2216119577328324,0.3789285492691999,0.425101345062881,0.3252364718133891,0.3464430492946972,0.29342660559142697,0.2216119577328324
joint_mm_0158,0.0869565217391304,0.0434782608695652,0.0914415164078133,0.1109381495082544,0.1424255964932577,0.1304347826086956,0.08695652173913045,0.0
joint_mm_0159,0.1037035421768958,0.0727268762523806,0.191918751391534,0.1501685410636686,0.1501685410636686,0.134680208101411,0.10370354217689581,0.030976665924515187
joint_mm_0160,0.0,0.0,0.0,0.0,0.0092294232969243,0.0,0.0,0.0
joint_mm_0161,1.0,1.0,1.0,1.0,0.9760735899507528,1.0,0.9999999999999999,0.9999999999999999
joint_mm_0162,0.0552167535822184,0.0552167535822184,0.0494336428487795,0.0436505321153405,0.0757348427638033,0.0494336428487795,0.06099986431565741,0.0
joint_mm_0163,0.0,0.0,0.0,0.0,0.0,0.0,0.0,0.0
joint_mm_0164,0.0925067871097426,0.0572702592328208,0.2026318381579462,0.2290810369312833,0.2731048939117898,0.3260032914584642,0.11895598588307982,0.07488852317128175
joint_mm_0165,0.0997144738505928,0.0997144738505928,0.1463370808254404,0.1276880380355013,0.1276880380355013,0.1495717107758892,0.0997144738505928,0.0997144738505928
joint_mm_0166,0.0697986865390582,0.0116331144231763,0.0697986865390582,0.0697986865390582,0.0697986865390582,0.0697986865390582,0.06979868653905824,0.0
joint_mm_0167,0.2638691832927007,0.2072801154158712,0.266093852704754,0.2767442654565039,0.3333333333333332,0.2756319307504772,0.27563193075047726,0.023525494915553107
joint_mm_0168,0.0472567536371038,0.0472567536371038,0.0601658945660725,0.0816043663452389,0.0945135072742077,0.0686952254162702,0.047256753637103854,0.047256753637103854
joint_mm_0169,0.0499894056375603,0.0166631352125201,0.0499894056375603,0.0499894056375603,0.0499894056375603,0.0499894056375603,0.049989405637560325,0.0
joint_mm_0170,0.1250231491795138,0.1035098075263477,0.1465364908326799,0.1357798200060968,0.1357798200060968,0.1357798200060968,0.1142664783529308,0.010756670826583025
joint_mm_0171,0.0583570829920157,0.0583570829920157,0.0875356244880236,0.0583570829920157,0.0875356244880236,0.0729463537400196,0.07294635374001968,0.0
joint_mm_0172,0.5213689294305238,0.5017932956514071,0.6232443589451833,0.6468172533433756,0.5213689294305238,0.6232443589451833,0.48221766187229037,0.47822040125321474
joint_mm_0173,0.0528799330849191,0.0423039464679353,0.063455919701903,0.0962794291942214,0.0846078929358707,0.1068554158112052,0.052879933084919194,0.052879933084919194
joint_mm_0174,0.0106691405018827,0.0,0.0,0.0,0.0106691405018827,0.0,0.0,0.0
joint_mm_0175,0.4823139039095553,0.3476129461924334,0.596198811359241,0.6116600068045147,0.5495135405128129,0.6321743725613441,0.5649747359580866,0.21261030396470457
joint_mm_0176,0.5142343584078968,0.4774282746404135,0.5797718625753904,0.5641479430088786,0.4986104388413851,0.5563359832256228,0.498610438841385,0.5142343584078968
joint_mm_0177,0.1061164732254129,0.0943257539781448,0.1650700694617535,0.1532793502144853,0.1296979117199491,0.1767028504220366,0.10611647322541297,0.058953596236340534
joint_mm_0178,0.4132549953934598,0.4132549953934598,0.4035788106812714,0.4035788106812714,0.4132549953934598,0.393902625969083,0.42293118010564823,0.050179897382117554
joint_mm_0179,0.0969592671230533,0.0620094816130496,0.1600939141172992,0.1826390169569761,0.1386739766588185,0.154454155472734,0.09695926712305336,0.09695926712305337
joint_mm_0180,0.3273494028017419,0.3127812792513891,0.3710537734528001,0.3710537734528001,0.3273494028017419,0.3564856499024474,0.31278127925138915,0.26565156625334024
joint_mm_0181,0.0595556004770477,0.0595556004770477,0.0595556004770477,0.0744445005963096,0.0446667003577857,0.0595556004770477,0.05955560047704771,0.0
joint_mm_0182,0.1919068433584094,0.1640837562946031,0.2686695807017732,0.2957223162136155,0.2678992291498092,0.3047398947175629,0.1535254746867276,0.009787930055911493
joint_mm_0183,0.7907223664851567,0.7907223664851567,0.7768379229806833,0.7768379229806833,0.7907223664851567,0.7907223664851567,0.7907223664851567,0.7907223664851567
joint_mm_0184,0.0108275870136507,0.0108275870136507,0.0108275870136507,0.0108275870136507,0.0108275870136507,0.0108275870136507,0.0108275870136507,0.0
joint_mm_0185,0.4279898157281087,0.3919847235921631,0.4676641125358496,0.49375063046986,0.4180712415261735,0.5360050921359456,0.39823409312230307,0.21087022309898437
joint_mm_0186,0.4473868683448064,0.1644598487413952,0.4473868683448064,0.4473868683448064,0.4824622894482687,0.4703832072844959,0.412311447241344,0.012079082163772799
joint_mm_0187,0.4064989815702013,0.2080230497428486,0.3979152521808352,0.4427606761799253,0.4246298288750633,0.4427606761799253,0.4064989815702013,0.4064989815702013
joint_mm_0188,0.3211636962396353,0.3079363860898632,0.5687839318634685,0.5761908417304102,0.463491088718906,0.6068793527286735,0.3931206472713263,0.3211636962396353
joint_mm_0189,0.3452107670503907,0.2278967229553627,0.5213418795876684,0.4406753332531044,0.3694107309507599,0.4544581565119623,0.3015118112657621,0.2393290602061658
joint_mm_0190,0.0405977780389459,0.0135325926796486,0.0541303707185945,0.0541303707185945,0.0541303707185945,0.0541303707185945,0.04059777803894594,0.04059777803894594
joint_mm_0191,0.2903082478032898,0.1143773193800237,0.2727003443576959,0.2903082478032897,0.3079161512488836,0.2727003443576959,0.29030824780328973,0.08207147872432297
joint_mm_0192,0.5219463048289514,0.4133143986224749,0.5109731524144757,0.5109731524144757,0.4784202344838088,0.5217630351725713,0.4892101172419044,0.41331439862247493
joint_mm_0193,0.3097850295857142,0.2956889404584821,0.4859039108727679,0.4718078217455358,0.3414601137203125,0.4260366484837054,0.3625220146078124,0.28159285133124995
joint_mm_0194,0.1975516855382577,0.1975516855382577,0.2453499403206641,0.2225105906642329,0.3202266556985897,0.2588891706184237,0.22039103519468897,0.0
joint_mm_0195,0.945979051062852,0.8870386800228529,0.9381265145371328,0.9381265145371328,0.874266721394283,0.9587510096914218,0.907663175177142,0.2180701034285751
joint_mm_0196,0.0365029809539488,0.029202384763159,0.0365029809539488,0.029202384763159,0.0438035771447385,0.029202384763159,0.02920238476315906,0.03650298095394883
joint_mm_0197,0.0244483617199872,0.0122241808599936,0.0,0.0122241808599936,0.0,0.0122241808599936,0.0,0.0
joint_mm_0198,0.0688544776364925,0.0469950248815739,0.1741413765311827,0.1304224710213455,0.198542703149672,0.1304224710213455,0.07614096188813209,0.0
joint_mm_0199,0.3600491642705346,0.3231052870791546,0.4050077907430749,0.405007790743075,0.4517214280679321,0.4018779215286531,0.38722328132843764,0.3600491642705346
joint_mm_0200,0.0960837569420701,0.0840375828139652,0.2817997296380053,0.3235328849622196,0.2218544950802496,0.2515414762763591,0.1322222793263845,0.059945234557755675
joint_mm_0201,0.1551878769489326,0.1162327257198393,0.1551878769489326,0.1551878769489326,0.1551878769489326,0.1551878769489326,0.1551878769489326,0.1551878769489326
joint_mm_0202,0.1374626719361337,0.1374626719361337,0.193358055329404,0.1514365177844513,0.231119351776468,0.1793842094810865,0.1793842094810865,0.1374626719361337
joint_mm_0203,0.136476000824426,0.136476000824426,0.2397016411459521,0.2004961203050376,0.1851112408161817,0.3225811989282461,0.136476000824426,0.011910320676029327
joint_mm_0204,0.5416123674642761,0.5781046377991035,0.5416123674642761,0.5416123674642761,0.5416123674642761,0.5416123674642761,0.5416123674642761,0.015577488197908367
joint_mm_0205,0.0621683298445822,0.0233131236917183,0.0621683298445822,0.0621683298445822,0.0621683298445822,0.0621683298445822,0.06216832984458229,0.0
joint_mm_0206,0.7137572863565489,0.6516270944033093,0.7398914050349057,0.7497533596314316,0.6614890489998353,0.7137572863565489,0.703895331760023,0.0
joint_mm_0207,0.2408278322741721,0.2292832413729977,0.2964419661797363,0.3347392137335387,0.3242490331325183,0.317422327381777,0.2570903083257798,0.24082783227417212
joint_mm_0208,0.1965452093840443,0.1965452093840443,0.3324640512893609,0.3522166692121296,0.3179271256304266,0.3693614410029811,0.20052156922638348,0.19654520938404435
joint_mm_0209,0.3079898889856934,0.2665725998380787,0.4397515028952577,0.5512140646285472,0.3350931864142784,0.5617731831142173,0.3170243214618884,0.11521743496664945
joint_mm_0210,0.0213174839589344,0.0106587419794672,0.0213174839589344,0.0213174839589344,0.0791542843429175,0.0213174839589344,0.021317483958934475,0.0
joint_mm_0211,0.0941032687326879,0.0470516343663439,0.1302900680241656,0.1097871468548026,0.1411549030990319,0.0989223117799363,0.07841939061057329,0.0
joint_mm_0212,0.2435472952020239,0.2435472952020239,0.2435472952020239,0.2435472952020239,0.273500681153754,0.273500681153754,0.2210637258072561,0.20982194110987223
joint_mm_0213,0.8337755766993188,0.7918877883496593,0.8212390385574346,0.8393804807212827,0.8100292305135074,0.7974926923716231,0.833775576699319,0.8337755766993188
joint_mm_0214,0.6467209912786879,0.5924953642370993,0.6877964280353726,0.708334146413715,0.6072704204239764,0.6951839561288111,0.6425831949891959,0.6467209912786879
joint_mm_0215,0.10093816025969,0.0894836188574926,0.10093816025969,0.0894836188574926,0.10093816025969,0.0894836188574926,0.08948361885749269,0.10093816025969009
joint_mm_0216,0.3745863134312079,0.383430314716713,0.5515804945482052,0.5486705459220019,0.4572064290338524,0.7492867822693111,0.30086727681751624,0.32739928067403157
joint_mm_0217,0.0553469070102428,0.0368979380068285,0.0843077322179,0.0698273196140714,0.0882762886174857,0.0987881448217286,0.08430773221790001,0.055346907010242856
joint_mm_0218,0.1082771880335,0.1082771880335,0.38724734615075,0.37069297008375,0.2751684358994999,0.3655437606700003,0.20134748719599968,0.1082771880335
joint_mm_0219,0.0087002611216528,0.0,0.0087002611216528,0.0160772747345641,0.0087002611216528,0.0087002611216528,0.017400522243305697,0.0
joint_mm_0220,0.0805188335933328,0.0805188335933328,0.0805188335933328,0.0805188335933328,0.0805188335933328,0.0805188335933328,0.067099027994444,0.0
joint_mm_0221,0.0280914487655266,0.0280914487655266,0.0280914487655266,0.0280914487655266,0.0280914487655266,0.0280914487655266,0.028091448765526602,0.0
joint_mm_0222,0.0057444228126039,0.0,0.0057444228126039,0.0057444228126039,0.0057444228126039,0.0057444228126039,0.005744422812603951,0.0
joint_mm_0223,0.2422213350762066,0.2080543357297841,0.3511226440093134,0.3325129745104777,0.5,0.3913943226582342,0.22055932592612174,0.21110667538103328
joint_mm_0224,0.4314280747494072,0.4039953076950162,0.5511274274337424,0.53990311502324,0.4538766995704123,0.5374110439065469,0.4015032365783233,0.0
joint_mm_0225,0.4096046209538712,0.3589374626963671,0.5274672565756715,0.5231999016818324,0.4770706485524492,0.5271967063413896,0.39707310650663613,0.0
joint_mm_0226,0.0641076096687884,0.0641076096687884,0.0641076096687884,0.0641076096687884,0.0641076096687884,0.0854768128917179,0.06410760966878849,0.04273840644585899
joint_mm_0227,0.1513192055684718,0.1142262637929208,0.1884121473440228,0.1884121473440228,0.1720941096593198,0.1884121473440228,0.13500116788376887,0.016318037684702975
joint_mm_0228,0.177094989952374,0.1638481301436604,0.2855127746416313,0.2867342277514058,0.3289177133970955,0.3012025406698939,0.24577219521549068,0.04096203253591512
joint_mm_0229,0.7475183427719964,0.7264442938045683,0.8106048462139028,0.7790615944929495,0.7790615944929495,0.8316788951813309,0.8421480979348561,0.0
joint_mm_0230,0.1756626688992107,0.0864666215915218,0.2188959796949716,0.245927736458895,0.2161665539788045,0.2297261824270574,0.16756189188329196,0.02703175676392338
joint_mm_0231,0.1137065268725276,0.0758043512483517,0.1137065268725276,0.1137065268725276,0.1932168997999001,0.1288112665332668,0.11370652687252765,0.0909090909090909
joint_mm_0232,0.0267560263101787,0.0133780131550893,0.0133780131550893,0.0133780131550893,0.0133780131550893,0.0133780131550893,0.026756026310178746,0.026756026310178746
joint_mm_0233,0.0360134252815784,0.0360134252815784,0.0720268505631568,0.0600223754692973,0.0747906023028951,0.0600223754692973,0.06494511774716327,0.0
joint_mm_0234,0.0769110436359761,0.0503845998741806,0.0769110436359761,0.0769110436359761,0.1034374873977717,0.1021033435730664,0.07691104363597616,0.07691104363597616
joint_mm_0235,0.0967540136460434,0.1128666497334536,0.0967540136460434,0.0967540136460434,0.1128666497334536,0.1450919219082742,0.06452874147122287,0.06452874147122287
joint_mm_0236,0.1507888779767019,0.1270590025718931,0.2897128182509995,0.277847880548595,0.2981224437988485,0.2874092768146292,0.18523192036573005,0.15078887797670196
joint_mm_0237,0.2291541214649156,0.1761646969669748,0.2129573873177403,0.2232553654195353,0.2291541214649156,0.2232553654195353,0.2183562987001321,0.026494712248970407
joint_mm_0238,0.0689243788057728,0.0596758074255583,0.1102790060892364,0.1102790060892364,0.1286001862313311,0.1148153104701765,0.08270925456692736,0.0
joint_mm_0239,0.590137614630648,0.542260005262848,0.6195175729667242,0.6195175729667242,0.5741784115080479,0.6086352656623717,0.5875991667215241,0.590137614630648
