target_utilization,tenant_weight_skew,interactive_volume_fraction,n_seeds_observed,winner_set_agree,best_policy_agree,margin_spread,winner_sets,best_policies,sign_agree__estimated_service_time_first_vs_weighted_fair_share,sign_agree__aging_priority_vs_estimated_service_time_first,sign_agree__aging_priority_vs_fifo,sign_agree__weighted_fair_share_vs_fifo,sign_agree__estimated_service_time_first_vs_fifo
0.5,1.0,0.1,2,True,True,0.0,aging_priority|estimated_service_time_first|fifo|weighted_fair_share;aging_priority|estimated_service_time_first|fifo|weighted_fair_share,aging_priority|estimated_service_time_first|fifo|weighted_fair_share;aging_priority|estimated_service_time_first|fifo|weighted_fair_share,True,True,True,True,True
0.5,1.0,0.2,2,False,False,0.0,aging_priority|estimated_service_time_first|weighted_fair_share;aging_priority|estimated_service_time_first|fifo|weighted_fair_share,aging_priority|estimated_service_time_first|weighted_fair_share;aging_priority|estimated_service_time_first|fifo|weighted_fair_share,True,True,False,False,False
0.5,1.0,0.3,2,False,False,0.0,aging_priority|estimated_service_time_first|fifo|weighted_fair_share;aging_priority|estimated_service_time_first,aging_priority|estimated_service_time_first|fifo|weighted_fair_share;aging_priority|estimated_service_time_first,False,True,False,True,False
0.5,3.0,0.1,2,True,True,0.0,aging_priority|estimated_service_time_first|fifo|weighted_fair_share;aging_priority|estimated_service_time_first|fifo|weighted_fair_share,aging_priority|estimated_service_time_first|fifo|weighted_fair_share;aging_priority|estimated_service_time_first|fifo|weighted_fair_share,True,True,True,True,True
0.5,3.0,0.2,2,False,False,0.0,aging_priority|estimated_service_time_first|weighted_fair_share;aging_priority|estimated_service_time_first|fifo|weighted_fair_share,aging_priority|estimated_service_time_first|weighted_fair_share;aging_priority|estimated_service_time_first|fifo|weighted_fair_share,True,True,False,False,False
0.5,3.0,0.3,2,False,False,0.0,aging_priority|estimated_service_time_first|fifo|weighted_fair_share;aging_priority|estimated_service_time_first|weighted_fair_share,aging_priority|estimated_service_time_first|fifo|weighted_fair_share;aging_priority|estimated_service_time_first|weighted_fair_share,True,True,False,False,False
0.5,5.0,0.1,2,True,True,0.0,aging_priority|estimated_service_time_first|fifo|weighted_fair_share;aging_priority|estimated_service_time_first|fifo|weighted_fair_share,aging_priority|estimated_service_time_first|fifo|weighted_fair_share;aging_priority|estimated_service_time_first|fifo|weighted_fair_share,True,True,True,True,True
0.5,5.0,0.2,2,False,False,0.0,aging_priority|estimated_service_time_first|weighted_fair_share;aging_priority|estimated_service_time_first|fifo|weighted_fair_share,aging_priority|estimated_service_time_first|weighted_fair_share;aging_priority|estimated_service_time_first|fifo|weighted_fair_share,True,True,False,False,False
0.5,5.0,0.3,2,False,False,0.0,aging_priority|estimated_service_time_first|fifo|weighted_fair_share;aging_priority|estimated_service_time_first|weighted_fair_share,aging_priority|estimated_service_time_first|fifo|weighted_fair_share;aging_priority|estimated_service_time_first|weighted_fair_share,True,True,False,False,False
0.5,10.0,0.1,2,True,True,0.0,aging_priority|estimated_service_time_first|fifo|weighted_fair_share;aging_priority|estimated_service_time_first|fifo|weighted_fair_share,aging_priority|estimated_service_time_first|fifo|weighted_fair_share;aging_priority|estimated_service_time_first|fifo|weighted_fair_share,True,True,True,True,True
0.5,10.0,0.2,2,False,False,0.0,aging_priority|estimated_service_time_first|weighted_fair_share;aging_priority|estimated_service_time_first|fifo|weighted_fair_share,aging_priority|estimated_service_time_first|weighted_fair_share;aging_priority|estimated_service_time_first|fifo|weighted_fair_share,True,True,False,False,False
0.5,10.0,0.3,2,False,False,0.0,aging_priority|estimated_service_time_first|fifo|weighted_fair_share;aging_priority|estimated_service_time_first|weighted_fair_share,aging_priority|estimated_service_time_first|fifo|weighted_fair_share;aging_priority|estimated_service_time_first|weighted_fair_share,True,True,False,False,False
0.8,1.0,0.1,2,True,True,0.0,aging_priority|estimated_service_time_first|weighted_fair_share;aging_priority|estimated_service_time_first|weighted_fair_share,aging_priority|estimated_service_time_first|weighted_fair_share;aging_priority|estimated_service_time_first|weighted_fair_share,True,True,True,True,True
0.8,1.0,0.2,2,True,True,0.0,aging_priority|estimated_service_time_first;aging_priority|estimated_service_time_first,aging_priority|estimated_service_time_first;aging_priority|estimated_service_time_first,True,True,True,True,True
0.8,1.0,0.3,2,True,True,0.0,aging_priority|estimated_service_time_first;aging_priority|estimated_service_time_first,aging_priority|estimated_service_time_first;aging_priority|estimated_service_time_first,True,True,True,True,True
0.8,3.0,0.1,2,True,True,0.0,aging_priority|estimated_service_time_first|weighted_fair_share;aging_priority|estimated_service_time_first|weighted_fair_share,aging_priority|estimated_service_time_first|weighted_fair_share;aging_priority|estimated_service_time_first|weighted_fair_share,True,True,True,True,True
0.8,3.0,0.2,2,True,True,0.0,aging_priority|estimated_service_time_first|weighted_fair_share;aging_priority|estimated_service_time_first|weighted_fair_share,aging_priority|estimated_service_time_first|weighted_fair_share;aging_priority|estimated_service_time_first|weighted_fair_share,True,True,True,True,True
0.8,3.0,0.3,2,True,True,0.0,aging_priority|estimated_service_time_first|weighted_fair_share;aging_priority|estimated_service_time_first|weighted_fair_share,aging_priority|estimated_service_time_first|weighted_fair_share;aging_priority|estimated_service_time_first|weighted_fair_share,True,True,True,True,True
0.8,5.0,0.1,2,True,True,0.0,aging_priority|estimated_service_time_first|weighted_fair_share;aging_priority|estimated_service_time_first|weighted_fair_share,aging_priority|estimated_service_time_first|weighted_fair_share;aging_priority|estimated_service_time_first|weighted_fair_share,True,True,True,True,True
0.8,5.0,0.2,2,True,True,0.0,aging_priority|estimated_service_time_first|weighted_fair_share;aging_priority|estimated_service_time_first|weighted_fair_share,aging_priority|estimated_service_time_first|weighted_fair_share;aging_priority|estimated_service_time_first|weighted_fair_share,True,True,True,True,True
0.8,5.0,0.3,2,True,True,0.0,aging_priority|estimated_service_time_first|weighted_fair_share;aging_priority|estimated_service_time_first|weighted_fair_share,aging_priority|estimated_service_time_first|weighted_fair_share;aging_priority|estimated_service_time_first|weighted_fair_share,True,True,True,True,True
0.8,10.0,0.1,2,True,True,0.0,aging_priority|estimated_service_time_first|weighted_fair_share;aging_priority|estimated_service_time_first|weighted_fair_share,aging_priority|estimated_service_time_first|weighted_fair_share;aging_priority|estimated_service_time_first|weighted_fair_share,True,True,True,True,True
0.8,10.0,0.2,2,True,True,0.0,aging_priority|estimated_service_time_first|weighted_fair_share;aging_priority|estimated_service_time_first|weighted_fair_share,aging_priority|estimated_service_time_first|weighted_fair_share;aging_priority|estimated_service_time_first|weighted_fair_share,True,True,True,True,True
0.8,10.0,0.3,2,True,True,0.0,aging_priority|estimated_service_time_first|weighted_fair_share;aging_priority|estimated_service_time_first|weighted_fair_share,aging_priority|estimated_service_time_first|weighted_fair_share;aging_priority|estimated_service_time_first|weighted_fair_share,True,True,True,True,True
1.0,1.0,0.1,2,True,True,0.0,aging_priority|estimated_service_time_first;aging_priority|estimated_service_time_first,aging_priority|estimated_service_time_first;aging_priority|estimated_service_time_first,True,True,True,True,True
1.0,1.0,0.2,2,True,True,0.0,aging_priority|estimated_service_time_first;aging_priority|estimated_service_time_first,aging_priority|estimated_service_time_first;aging_priority|estimated_service_time_first,True,True,True,True,True
1.0,1.0,0.3,2,False,False,0.008333333333333304,aging_priority;aging_priority|estimated_service_time_first,aging_priority;aging_priority|estimated_service_time_first,True,False,True,True,True
1.0,3.0,0.1,2,True,True,0.0,aging_priority|estimated_service_time_first|weighted_fair_share;aging_priority|estimated_service_time_first|weighted_fair_share,aging_priority|estimated_service_time_first|weighted_fair_share;aging_priority|estimated_service_time_first|weighted_fair_share,True,True,True,True,True
1.0,3.0,0.2,2,True,True,0.0,aging_priority|estimated_service_time_first|weighted_fair_share;aging_priority|estimated_service_time_first|weighted_fair_share,aging_priority|estimated_service_time_first|weighted_fair_share;aging_priority|estimated_service_time_first|weighted_fair_share,True,True,True,True,True
1.0,3.0,0.3,2,False,False,0.008333333333333304,aging_priority;aging_priority|estimated_service_time_first|weighted_fair_share,aging_priority;aging_priority|estimated_service_time_first|weighted_fair_share,True,False,True,True,True
1.0,5.0,0.1,2,True,True,0.0,aging_priority|estimated_service_time_first|weighted_fair_share;aging_priority|estimated_service_time_first|weighted_fair_share,aging_priority|estimated_service_time_first|weighted_fair_share;aging_priority|estimated_service_time_first|weighted_fair_share,True,True,True,True,True
1.0,5.0,0.2,2,True,True,0.0,aging_priority|estimated_service_time_first|weighted_fair_share;aging_priority|estimated_service_time_first|weighted_fair_share,aging_priority|estimated_service_time_first|weighted_fair_share;aging_priority|estimated_service_time_first|weighted_fair_share,True,True,True,True,True
1.0,5.0,0.3,2,False,False,0.008333333333333304,aging_priority;aging_priority|estimated_service_time_first|weighted_fair_share,aging_priority;aging_priority|estimated_service_time_first|weighted_fair_share,True,False,True,True,True
1.0,10.0,0.1,2,True,True,0.0,aging_priority|estimated_service_time_first|weighted_fair_share;aging_priority|estimated_service_time_first|weighted_fair_share,aging_priority|estimated_service_time_first|weighted_fair_share;aging_priority|estimated_service_time_first|weighted_fair_share,True,True,True,True,True
1.0,10.0,0.2,2,True,True,0.0,aging_priority|estimated_service_time_first|weighted_fair_share;aging_priority|estimated_service_time_first|weighted_fair_share,aging_priority|estimated_service_time_first|weighted_fair_share;aging_priority|estimated_service_time_first|weighted_fair_share,True,True,True,True,True
1.0,10.0,0.3,2,False,False,0.008333333333333304,aging_priority;aging_priority|estimated_service_time_first|weighted_fair_share,aging_priority;aging_priority|estimated_service_time_first|weighted_fair_share,True,False,True,True,True
1.2,1.0,0.1,2,True,True,0.01666666666666672,aging_priority;aging_priority,aging_priority;aging_priority,True,True,True,True,True
1.2,1.0,0.2,2,True,True,0.025000000000000022,aging_priority;aging_priority,aging_priority;aging_priority,True,True,True,True,True
1.2,1.0,0.3,2,True,True,0.016666666666666607,aging_priority;aging_priority,aging_priority;aging_priority,True,True,True,True,True
1.2,3.0,0.1,2,True,True,0.01666666666666672,aging_priority;aging_priority,aging_priority;aging_priority,False,True,True,True,True
1.2,3.0,0.2,2,True,True,0.025000000000000022,aging_priority;aging_priority,aging_priority;aging_priority,True,True,True,True,True
1.2,3.0,0.3,2,True,True,0.016666666666666607,aging_priority;aging_priority,aging_priority;aging_priority,True,True,True,True,True
1.2,5.0,0.1,2,True,True,0.01666666666666672,aging_priority;aging_priority,aging_priority;aging_priority,False,True,True,True,True
1.2,5.0,0.2,2,True,True,0.025000000000000022,aging_priority;aging_priority,aging_priority;aging_priority,True,True,True,True,True
1.2,5.0,0.3,2,True,True,0.016666666666666607,aging_priority;aging_priority,aging_priority;aging_priority,True,True,True,True,True
1.2,10.0,0.1,2,True,True,0.01666666666666672,aging_priority;aging_priority,aging_priority;aging_priority,True,True,True,True,True
1.2,10.0,0.2,2,True,True,0.025000000000000022,aging_priority;aging_priority,aging_priority;aging_priority,True,True,True,True,True
1.2,10.0,0.3,2,True,True,0.016666666666666607,aging_priority;aging_priority,aging_priority;aging_priority,True,True,True,True,True
1.5,1.0,0.1,2,True,True,0.008333333333333304,aging_priority;aging_priority,aging_priority;aging_priority,True,True,True,True,False
1.5,1.0,0.2,2,True,True,0.008333333333333304,aging_priority;aging_priority,aging_priority;aging_priority,True,True,True,False,True
1.5,1.0,0.3,2,True,True,0.008333333333333304,aging_priority;aging_priority,aging_priority;aging_priority,True,True,True,True,True
1.5,3.0,0.1,2,True,True,0.008333333333333304,aging_priority;aging_priority,aging_priority;aging_priority,True,True,True,True,False
1.5,3.0,0.2,2,True,True,0.008333333333333304,aging_priority;aging_priority,aging_priority;aging_priority,True,True,True,True,True
1.5,3.0,0.3,2,True,True,0.008333333333333304,aging_priority;aging_priority,aging_priority;aging_priority,True,True,True,True,True
1.5,5.0,0.1,2,True,True,0.008333333333333304,aging_priority;aging_priority,aging_priority;aging_priority,True,True,True,True,False
1.5,5.0,0.2,2,True,True,0.008333333333333304,aging_priority;aging_priority,aging_priority;aging_priority,True,True,True,True,True
1.5,5.0,0.3,2,True,True,0.008333333333333304,aging_priority;aging_priority,aging_priority;aging_priority,True,True,True,True,True
1.5,10.0,0.1,2,True,True,0.008333333333333304,aging_priority;aging_priority,aging_priority;aging_priority,False,True,True,False,False
1.5,10.0,0.2,2,True,True,0.008333333333333304,aging_priority;aging_priority,aging_priority;aging_priority,True,True,True,True,True
1.5,10.0,0.3,2,True,True,0.008333333333333304,aging_priority;aging_priority,aging_priority;aging_priority,True,True,True,True,True
