scenario_id,policy_name,arrival_normalized_weighted_goodput,unweighted_slo_success_rate,completion_fraction,mean_ttft,p95_ttft,p99_ttft,mean_tpot,p95_tpot,mean_queuing_delay,mean_prefill_delay_s,request_throughput,token_throughput,hog_n,late_n,hog_mean_ttft,hog_p95_ttft,hog_mean_tpot,hog_p95_tpot,hog_slo_success,hog_ttft_attainment,late_mean_ttft,late_p95_ttft,late_mean_tpot,late_p95_tpot,late_slo_success,late_ttft_attainment,global_tbt_attainment,decode_stalled_steps,cumulative_decode_tokens_deferred,steps_with_prefill_while_decode_deferred,prefill_stalled_steps,cumulative_prefill_requests_stalled,budget_saturation_fraction,mean_num_decoding,mean_num_prefilling,fraction_prefill_tokens_while_decodes_active,mean_theoretical_chunks,mean_interchunk_extra_wait_s,steps_decode_active_prefill_stalled,mean_num_prefilling_saturated,mean_num_decoding_saturated,n_saturated_steps,status
pd2.hog12.late12.slohog_ttft.s20260823,full_prefill,0.75,0.75,1.0,0.064955392870421,0.09078271691334822,0.09164368512867116,0.001,0.0010000000000000002,0.0005803928704209914,0.064375,95.23809523809524,8849.20634920635,12.0,12.0,0.05051096431110217,0.08709174522633242,0.0010000000000000002,0.001,0.5,0.5,0.07939982142973981,0.08970403608217455,0.0010000000000000002,0.0010000000000000002,1.0,1.0,1.0,0,0,0,120,1374,0.48616600790513836,8.814229249011857,6.011857707509882,0.9265540325151419,1.0,0.063375,114,12.325203252032521,5.764227642276423,123,success
pd2.hog12.late12.slohog_ttft.s20260822,full_prefill,0.75,0.75,1.0,0.0629535461140752,0.09240400495852844,0.09404714828163158,0.001,0.0010000000000000002,0.00045354611407520527,0.0625,94.48818897637796,8870.07874015748,12.0,12.0,0.052540308952724574,0.09059627635261369,0.0010000000000000002,0.001,0.5,0.5,0.07336678327542584,0.09156648452051647,0.0010000000000000002,0.0010000000000000002,1.0,1.0,1.0,0,0,0,122,1327,0.49019607843137253,8.83529411764706,5.788235294117647,0.9194727984775326,1.0,0.0615,115,11.776,6.368,125,success
pd2.hog12.late12.slohog_ttft.s20260821,chunked_prefill_small,0.5,0.5,1.0,0.06947791529762364,0.14411221617915984,0.14931195879520756,0.001,0.0010000000000000002,0.0005195819642903011,0.06895833333333333,81.08108108108108,6658.783783783784,12.0,12.0,0.09887762895667541,0.14767386998758392,0.001,0.0010000000000000002,0.0,0.0,0.04007820163857184,0.057834636635278644,0.0010000000000000002,0.0010000000000000002,1.0,1.0,1.0,0,0,0,72,612,0.25252525252525254,6.636363636363637,5.491582491582491,0.9504134825113374,41.958333333333336,0.027,72,16.333333333333332,4.293333333333333,75,success
pd2.hog12.late12.slohog_ttft.s20260823,chunked_prefill_small,0.5,0.5,1.0,0.078705392870421,0.13804350030062595,0.14041816457221082,0.001,0.0010000000000000002,0.0005803928704209914,0.078125,81.63265306122449,7585.034013605443,12.0,12.0,0.10017763097776884,0.1397373818682459,0.0010000000000000002,0.001,0.0,0.0,0.05723315476307314,0.06291268397610526,0.0010000000000000002,0.001,1.0,1.0,1.0,0,0,0,77,850,0.2711864406779661,7.559322033898305,6.274576271186441,0.5062798852406758,41.541666666666664,0.036583333333333336,29,18.8,2.1875,80,success
pd2.hog12.late12.slohog_ttft.s20260822,chunked_prefill_small,0.5,0.5,1.0,0.07666187944740853,0.13922105586187622,0.15250239874700805,0.001,0.0010000000000000002,0.00045354611407520527,0.07620833333333334,76.6773162939297,7198.083067092652,12.0,12.0,0.10212364228605791,0.1470128375273468,0.0010000000000000002,0.0010000000000000002,0.0,0.0,0.05120011660875917,0.06309942606494952,0.0010000000000000002,0.0010000000000000002,1.0,1.0,1.0,0,0,0,70,794,0.2356687898089172,7.17515923566879,5.748407643312102,0.8485396580739529,41.916666666666664,0.03429166666666667,58,18.89189189189189,2.324324324324324,74,success
pd2.hog12.late12.slohog_ttft.s20260820,full_prefill,0.7916666666666666,0.7916666666666666,1.0,0.05634081761416123,0.07758477348557853,0.08391622200144969,0.001,0.0010000000000000002,0.000632484280827894,0.05570833333333333,97.5609756097561,8186.991869918699,12.0,12.0,0.04731882331718267,0.08132174521362576,0.0010000000000000002,0.0010000000000000002,0.5833333333333334,0.5,0.06536281191113978,0.07673689176347682,0.001,0.0010000000000000002,1.0,1.0,1.0,0,0,0,114,1172,0.47368421052631576,8.153846153846153,5.315789473684211,0.9135543999459715,1.0,0.05470833333333333,107,11.205128205128204,7.2905982905982905,117,success
pd2.hog12.late12.slohog_ttft.s20260821,full_prefill,0.75,0.75,1.0,0.05818624863095697,0.09174809781195313,0.09312882407001642,0.001,0.0010000000000000002,0.000519581964290301,0.057666666666666665,94.11764705882352,7729.411764705882,12.0,12.0,0.04962762895667542,0.08786870981702236,0.0010000000000000002,0.0010000000000000002,0.5,0.5,0.06674486830523851,0.09128463663527865,0.0010000000000000002,0.0010000000000000002,1.0,1.0,1.0,0,0,0,122,1210,0.4921875,7.69921875,5.3125,0.9196572881196353,1.0,0.056666666666666664,115,10.785714285714286,6.658730158730159,126,success
pd2.hog12.late12.slolate_ttft.s20260820,full_prefill,1.0,1.0,1.0,0.05634081761416123,0.07758477348557853,0.08391622200144969,0.001,0.0010000000000000002,0.000632484280827894,0.05570833333333333,97.5609756097561,8186.991869918699,12.0,12.0,0.04731882331718267,0.08132174521362576,0.0010000000000000002,0.0010000000000000002,1.0,1.0,0.06536281191113978,0.07673689176347682,0.001,0.0010000000000000002,1.0,1.0,1.0,0,0,0,114,1172,0.47368421052631576,8.153846153846153,5.315789473684211,0.9135543999459715,1.0,0.05470833333333333,107,11.205128205128204,7.2905982905982905,117,success
pd2.hog12.late12.slohog_ttft.s20260820,chunked_prefill_small,0.5,0.5,1.0,0.0691324842808279,0.11754739105938404,0.13084622200144969,0.001,0.0010000000000000002,0.000632484280827894,0.06849999999999999,81.63265306122449,6850.340136054422,12.0,12.0,0.09398548998384933,0.12537174521362576,0.0010000000000000002,0.0010000000000000002,0.0,0.0,0.04427947857780645,0.05869988185429002,0.001,0.0010000000000000002,1.0,1.0,1.0,0,0,0,67,672,0.2440677966101695,6.827118644067797,5.491525423728813,0.9431687715269805,39.083333333333336,0.029416666666666664,67,17.52777777777778,3.7222222222222223,72,success
pd2.hog12.late12.slolate_ttft.s20260821,full_prefill,0.8333333333333334,0.8333333333333334,1.0,0.05818624863095697,0.09174809781195313,0.09312882407001642,0.001,0.0010000000000000002,0.000519581964290301,0.057666666666666665,94.11764705882352,7729.411764705882,12.0,12.0,0.04962762895667542,0.08786870981702236,0.0010000000000000002,0.0010000000000000002,1.0,1.0,0.06674486830523851,0.09128463663527865,0.0010000000000000002,0.0010000000000000002,0.6666666666666666,0.6666666666666666,1.0,0,0,0,122,1210,0.4921875,7.69921875,5.3125,0.9196572881196353,1.0,0.056666666666666664,115,10.785714285714286,6.658730158730159,126,success
pd2.hog12.late12.slolate_ttft.s20260820,chunked_prefill_small,1.0,1.0,1.0,0.0691324842808279,0.11754739105938404,0.13084622200144969,0.001,0.0010000000000000002,0.000632484280827894,0.06849999999999999,81.63265306122449,6850.340136054422,12.0,12.0,0.09398548998384933,0.12537174521362576,0.0010000000000000002,0.0010000000000000002,1.0,1.0,0.04427947857780645,0.05869988185429002,0.001,0.0010000000000000002,1.0,1.0,1.0,0,0,0,67,672,0.2440677966101695,6.827118644067797,5.491525423728813,0.9431687715269805,39.083333333333336,0.029416666666666664,67,17.52777777777778,3.7222222222222223,72,success
pd2.hog12.late12.slolate_ttft.s20260822,full_prefill,0.7916666666666666,0.7916666666666666,1.0,0.0629535461140752,0.09240400495852844,0.09404714828163158,0.001,0.0010000000000000002,0.00045354611407520527,0.0625,94.48818897637796,8870.07874015748,12.0,12.0,0.052540308952724574,0.09059627635261369,0.0010000000000000002,0.001,1.0,1.0,0.07336678327542584,0.09156648452051647,0.0010000000000000002,0.0010000000000000002,0.5833333333333334,0.5833333333333334,1.0,0,0,0,122,1327,0.49019607843137253,8.83529411764706,5.788235294117647,0.9194727984775326,1.0,0.0615,115,11.776,6.368,125,success
pd2.hog12.late12.slolate_ttft.s20260821,chunked_prefill_small,1.0,1.0,1.0,0.06947791529762364,0.14411221617915984,0.14931195879520756,0.001,0.0010000000000000002,0.0005195819642903011,0.06895833333333333,81.08108108108108,6658.783783783784,12.0,12.0,0.09887762895667541,0.14767386998758392,0.001,0.0010000000000000002,1.0,1.0,0.04007820163857184,0.057834636635278644,0.0010000000000000002,0.0010000000000000002,1.0,1.0,1.0,0,0,0,72,612,0.25252525252525254,6.636363636363637,5.491582491582491,0.9504134825113374,41.958333333333336,0.027,72,16.333333333333332,4.293333333333333,75,success
pd2.hog12.late12.slolate_ttft.s20260823,chunked_prefill_small,1.0,1.0,1.0,0.078705392870421,0.13804350030062595,0.14041816457221082,0.001,0.0010000000000000002,0.0005803928704209914,0.078125,81.63265306122449,7585.034013605443,12.0,12.0,0.10017763097776884,0.1397373818682459,0.0010000000000000002,0.001,1.0,1.0,0.05723315476307314,0.06291268397610526,0.0010000000000000002,0.001,1.0,1.0,1.0,0,0,0,77,850,0.2711864406779661,7.559322033898305,6.274576271186441,0.5062798852406758,41.541666666666664,0.036583333333333336,29,18.8,2.1875,80,success
pd2.hog12.late40.slohog_ttft.s20260820,chunked_prefill_small,0.7692307692307693,0.7692307692307693,1.0,0.042620710055471224,0.11481353508135206,0.12384226262740276,0.001,0.0010000000000000002,0.000524556209317376,0.04209615384615385,189.7810218978102,16069.343065693429,12.0,40.0,0.09350096797665962,0.12325135194446175,0.001,0.0010000000000000002,0.0,0.0,0.02735663267911471,0.05463730027827692,0.001,0.0010000000000000002,1.0,1.0,1.0,0,0,0,91,1115,0.3490909090909091,16.01090909090909,7.7709090909090905,0.9337998622832162,19.326923076923077,0.02276923076923077,91,19.854166666666668,8.489583333333334,96,success
pd2.hog12.late40.slohog_ttft.s20260821,full_prefill,0.8846153846153846,0.8846153846153846,1.0,0.04876882487114916,0.0904149558549107,0.09443160496900088,0.001,0.0010000000000000002,0.0005380556403799278,0.04823076923076923,178.08219178082192,14773.972602739726,12.0,40.0,0.04989510874871573,0.08981866558158896,0.0010000000000000002,0.001,0.5,0.5,0.04843093970787919,0.09040495491694348,0.0009999999999999998,0.0010000000000000002,1.0,1.0,1.0,0,0,0,128,2273,0.447098976109215,14.723549488054607,8.382252559726963,0.9235809489693876,1.0,0.04723076923076923,121,18.6793893129771,8.694656488549619,131,success
pd2.hog12.late12.slolate_ttft.s20260823,full_prefill,0.7083333333333334,0.7083333333333334,1.0,0.064955392870421,0.09078271691334822,0.09164368512867116,0.001,0.0010000000000000002,0.0005803928704209914,0.064375,95.23809523809524,8849.20634920635,12.0,12.0,0.05051096431110217,0.08709174522633242,0.0010000000000000002,0.001,1.0,1.0,0.07939982142973981,0.08970403608217455,0.0010000000000000002,0.0010000000000000002,0.4166666666666667,0.4166666666666667,1.0,0,0,0,120,1374,0.48616600790513836,8.814229249011857,6.011857707509882,0.9265540325151419,1.0,0.063375,114,12.325203252032521,5.764227642276423,123,success
pd2.hog12.late40.slohog_ttft.s20260822,full_prefill,0.8846153846153846,0.8846153846153846,1.0,0.038960167730664935,0.08873629374189426,0.09358200358472286,0.001,0.0010000000000000002,0.0005178600383572417,0.03844230769230769,168.28478964401296,14200.647249190939,12.0,40.0,0.05302994352866735,0.09119071088225622,0.001,0.001,0.5,0.5,0.03473923499126421,0.08709480407663514,0.001,0.0010000000000000002,1.0,1.0,1.0,0,0,0,125,1767,0.4129032258064516,14.154838709677419,6.280645161290322,0.922918266263192,1.0,0.037442307692307705,118,15.046875,8.28125,128,success
pd2.hog12.late40.slohog_ttft.s20260821,chunked_prefill_small,0.7692307692307693,0.7692307692307693,1.0,0.04576882487114916,0.13525746009875697,0.14946378883246772,0.001,0.0010000000000000002,0.0005380556403799278,0.045230769230769234,176.27118644067798,14623.728813559323,12.0,40.0,0.09997844208204908,0.14936578569705244,0.0009999999999999998,0.0010000000000000002,0.0,0.0,0.029505939707879188,0.05638172516684277,0.001,0.0010000000000000002,1.0,1.0,1.0,0,0,0,87,1203,0.30405405405405406,14.574324324324325,7.77027027027027,0.9588053553038105,20.653846153846153,0.024576923076923083,87,21.655555555555555,8.755555555555556,90,success
pd2.hog12.late12.slolate_ttft.s20260822,chunked_prefill_small,1.0,1.0,1.0,0.07666187944740853,0.13922105586187622,0.15250239874700805,0.001,0.0010000000000000002,0.00045354611407520527,0.07620833333333334,76.6773162939297,7198.083067092652,12.0,12.0,0.10212364228605791,0.1470128375273468,0.0010000000000000002,0.0010000000000000002,1.0,1.0,0.05120011660875917,0.06309942606494952,0.0010000000000000002,0.0010000000000000002,1.0,1.0,1.0,0,0,0,70,794,0.2356687898089172,7.17515923566879,5.748407643312102,0.8485396580739529,41.916666666666664,0.03429166666666667,58,18.89189189189189,2.324324324324324,74,success
pd2.hog12.late40.slohog_ttft.s20260822,chunked_prefill_small,0.7692307692307693,0.7692307692307693,1.0,0.04051786003835724,0.12990927757265885,0.14772249918104607,0.001,0.0010000000000000002,0.0005178600383572417,0.04000000000000001,166.13418530351439,14019.169329073482,12.0,40.0,0.10202994352866734,0.14705148929607564,0.0010000000000000002,0.0010000000000000002,0.0,0.0,0.022064234991264215,0.06154029244425938,0.001,0.0010000000000000002,1.0,1.0,1.0,0,0,0,80,951,0.2611464968152866,13.97452229299363,6.45859872611465,0.854161961971004,20.53846153846154,0.01946153846153846,67,19.79268292682927,4.7439024390243905,82,success
pd2.hog12.late40.slohog_ttft.s20260820,full_prefill,0.9038461538461539,0.9038461538461539,1.0,0.041909171593932766,0.07726876858074563,0.08327744777306438,0.001,0.0010000000000000002,0.000524556209317376,0.04138461538461537,190.47619047619045,16128.205128205127,12.0,40.0,0.04733430130999292,0.08031519075794627,0.0010000000000000002,0.001,0.5833333333333334,0.5,0.04028163267911471,0.07668410161202886,0.0010000000000000002,0.0010000000000000002,1.0,1.0,1.0,0,0,0,118,1926,0.44525547445255476,16.06934306569343,7.664233576642336,0.9180104728810031,1.0,0.04038461538461538,111,17.139344262295083,6.557377049180328,122,success
pd2.hog12.late40.slohog_ttft.s20260823,full_prefill,0.8846153846153846,0.8846153846153846,1.0,0.04037154523256071,0.08355172974758904,0.08928008190831717,0.001,0.0010000000000000002,0.0005830836940991602,0.039788461538461536,178.6941580756014,14378.006872852235,12.0,40.0,0.05097921929741115,0.08901142770995717,0.0010000000000000002,0.001,0.5,0.5,0.03718924301310557,0.07851355371979246,0.001,0.0010000000000000002,1.0,1.0,1.0,0,0,0,124,1837,0.4383561643835616,14.32876712328767,6.907534246575342,0.9300259669263359,1.0,0.03878846153846153,118,15.6796875,7.421875,128,success
pd2.hog12.late40.slohog_ttft.s20260823,chunked_prefill_small,0.7692307692307693,0.7692307692307693,1.0,0.03935231446332992,0.1339653272541835,0.13910949418938512,0.001,0.0010000000000000002,0.0005830836940991602,0.03876923076923078,176.87074829931973,14231.292517006803,12.0,40.0,0.10047921929741115,0.13899487612799913,0.0009999999999999998,0.001,0.0,0.0,0.021014243013105567,0.055651390787267246,0.001,0.0010000000000000002,1.0,1.0,1.0,0,0,0,84,890,0.2983050847457627,14.183050847457627,6.657627118644068,0.9482483713726026,20.442307692307693,0.018326923076923077,84,18.363636363636363,6.545454545454546,88,success
pd2.hog12.late40.slolate_ttft.s20260820,chunked_prefill_small,1.0,1.0,1.0,0.042620710055471224,0.11481353508135206,0.12384226262740276,0.001,0.0010000000000000002,0.000524556209317376,0.04209615384615385,189.7810218978102,16069.343065693429,12.0,40.0,0.09350096797665962,0.12325135194446175,0.001,0.0010000000000000002,1.0,1.0,0.02735663267911471,0.05463730027827692,0.001,0.0010000000000000002,1.0,1.0,1.0,0,0,0,91,1115,0.3490909090909091,16.01090909090909,7.7709090909090905,0.9337998622832162,19.326923076923077,0.02276923076923077,91,19.854166666666668,8.489583333333334,96,success
pd2.hog12.late40.slolate_ttft.s20260821,full_prefill,0.8846153846153846,0.8846153846153846,1.0,0.04876882487114916,0.0904149558549107,0.09443160496900088,0.001,0.0010000000000000002,0.0005380556403799278,0.04823076923076923,178.08219178082192,14773.972602739726,12.0,40.0,0.04989510874871573,0.08981866558158896,0.0010000000000000002,0.001,1.0,1.0,0.04843093970787919,0.09040495491694348,0.0009999999999999998,0.0010000000000000002,0.85,0.825,1.0,0,0,0,128,2273,0.447098976109215,14.723549488054607,8.382252559726963,0.9235809489693876,1.0,0.04723076923076923,121,18.6793893129771,8.694656488549619,131,success
pd2.hog12.late40.slolate_ttft.s20260822,full_prefill,0.8846153846153846,0.8846153846153846,1.0,0.038960167730664935,0.08873629374189426,0.09358200358472286,0.001,0.0010000000000000002,0.0005178600383572417,0.03844230769230769,168.28478964401296,14200.647249190939,12.0,40.0,0.05302994352866735,0.09119071088225622,0.001,0.001,1.0,1.0,0.03473923499126421,0.08709480407663514,0.001,0.0010000000000000002,0.85,0.85,1.0,0,0,0,125,1767,0.4129032258064516,14.154838709677419,6.280645161290322,0.922918266263192,1.0,0.037442307692307705,118,15.046875,8.28125,128,success
pd2.hog12.late40.slolate_ttft.s20260821,chunked_prefill_small,1.0,1.0,1.0,0.04576882487114916,0.13525746009875697,0.14946378883246772,0.001,0.0010000000000000002,0.0005380556403799278,0.045230769230769234,176.27118644067798,14623.728813559323,12.0,40.0,0.09997844208204908,0.14936578569705244,0.0009999999999999998,0.0010000000000000002,1.0,1.0,0.029505939707879188,0.05638172516684277,0.001,0.0010000000000000002,1.0,1.0,1.0,0,0,0,87,1203,0.30405405405405406,14.574324324324325,7.77027027027027,0.9588053553038105,20.653846153846153,0.024576923076923083,87,21.655555555555555,8.755555555555556,90,success
pd2.hog12.late40.slolate_ttft.s20260820,full_prefill,0.9807692307692307,0.9807692307692307,1.0,0.041909171593932766,0.07726876858074563,0.08327744777306438,0.001,0.0010000000000000002,0.000524556209317376,0.04138461538461537,190.47619047619045,16128.205128205127,12.0,40.0,0.04733430130999292,0.08031519075794627,0.0010000000000000002,0.001,1.0,1.0,0.04028163267911471,0.07668410161202886,0.0010000000000000002,0.0010000000000000002,0.975,0.975,1.0,0,0,0,118,1926,0.44525547445255476,16.06934306569343,7.664233576642336,0.9180104728810031,1.0,0.04038461538461538,111,17.139344262295083,6.557377049180328,122,success
pd2.hog12.late40.slolate_ttft.s20260823,full_prefill,0.9615384615384616,0.9615384615384616,1.0,0.04037154523256071,0.08355172974758904,0.08928008190831717,0.001,0.0010000000000000002,0.0005830836940991602,0.039788461538461536,178.6941580756014,14378.006872852235,12.0,40.0,0.05097921929741115,0.08901142770995717,0.0010000000000000002,0.001,1.0,1.0,0.03718924301310557,0.07851355371979246,0.001,0.0010000000000000002,0.95,0.95,1.0,0,0,0,124,1837,0.4383561643835616,14.32876712328767,6.907534246575342,0.9300259669263359,1.0,0.03878846153846153,118,15.6796875,7.421875,128,success
pd2.hog12.late40.slolate_ttft.s20260823,chunked_prefill_small,1.0,1.0,1.0,0.03935231446332992,0.1339653272541835,0.13910949418938512,0.001,0.0010000000000000002,0.0005830836940991602,0.03876923076923078,176.87074829931973,14231.292517006803,12.0,40.0,0.10047921929741115,0.13899487612799913,0.0009999999999999998,0.001,1.0,1.0,0.021014243013105567,0.055651390787267246,0.001,0.0010000000000000002,1.0,1.0,1.0,0,0,0,84,890,0.2983050847457627,14.183050847457627,6.657627118644068,0.9482483713726026,20.442307692307693,0.018326923076923077,84,18.363636363636363,6.545454545454546,88,success
pd2.hog24.late12.slohog_ttft.s20260820,full_prefill,0.5277777777777778,0.5277777777777778,1.0,0.0875870238041932,0.16032966321530273,0.16878176956286067,0.001,0.0010000000000000002,0.000559246026415419,0.08702777777777779,100.55865921787709,8628.491620111732,24.0,12.0,0.08980681653514293,0.1648321531887705,0.001,0.0010000000000000002,0.2916666666666667,0.25,0.08314743834229373,0.12858081413847908,0.001,0.0010000000000000002,1.0,1.0,1.0,0,0,0,226,2824,0.6601671309192201,8.604456824512535,8.62674094707521,0.956996111171772,1.0,0.0860277777777778,219,13.063291139240507,10.713080168776372,237,success
pd2.hog24.late12.slohog_ttft.s20260820,chunked_prefill_small,0.3333333333333333,0.3333333333333333,1.0,0.10994813491530432,0.20146623015989507,0.2154300782108807,0.001,0.0010000000000000002,0.000559246026415419,0.10938888888888888,90.0,7722.5,24.0,12.0,0.1347651498684763,0.206659466577689,0.001,0.0010000000000000002,0.0,0.0,0.06031410500896039,0.09779946540632772,0.001,0.0010000000000000002,1.0,1.0,1.0,0,0,0,178,1981,0.47381546134663344,7.703241895261845,9.730673316708229,0.960758951444242,52.25,0.05713888888888888,178,18.557894736842105,10.636842105263158,190,success
pd2.hog12.late40.slolate_ttft.s20260822,chunked_prefill_small,1.0,1.0,1.0,0.04051786003835724,0.12990927757265885,0.14772249918104607,0.001,0.0010000000000000002,0.0005178600383572417,0.04000000000000001,166.13418530351439,14019.169329073482,12.0,40.0,0.10202994352866734,0.14705148929607564,0.0010000000000000002,0.0010000000000000002,1.0,1.0,0.022064234991264215,0.06154029244425938,0.001,0.0010000000000000002,1.0,1.0,1.0,0,0,0,80,951,0.2611464968152866,13.97452229299363,6.45859872611465,0.854161961971004,20.53846153846154,0.01946153846153846,67,19.79268292682927,4.7439024390243905,82,success
pd2.hog24.late12.slohog_ttft.s20260821,full_prefill,0.5,0.5,1.0,0.0984373101798595,0.17767589711553017,0.1890689239458654,0.001,0.0010000000000000002,0.0004650879576372866,0.09797222222222221,93.02325581395348,8320.413436692506,24.0,12.0,0.0972320386324485,0.183148760750244,0.001,0.0010000000000000002,0.25,0.25,0.10084785327468153,0.1467784843302232,0.001,0.0010000000000000002,1.0,1.0,1.0,0,0,0,245,3197,0.6649484536082474,8.29896907216495,8.99742268041237,0.9606420269356128,1.0,0.09697222222222222,238,13.527131782945736,9.589147286821705,258,success
pd2.hog24.late12.slohog_ttft.s20260821,chunked_prefill_small,0.3333333333333333,0.3333333333333333,1.0,0.12110397684652617,0.22112251273763595,0.22637447287200604,0.001,0.0010000000000000002,0.0004650879576372866,0.1206388888888889,87.37864077669902,7815.533980582523,24.0,12.0,0.14502370529911518,0.22214093236171334,0.001,0.0010000000000000002,0.0,0.0,0.0732645199413482,0.12408009179641079,0.0009999999999999998,0.0010000000000000002,1.0,1.0,1.0,0,0,0,177,2217,0.5108958837772397,7.796610169491525,10.428571428571429,0.9647776889490192,56.916666666666664,0.06372222222222222,177,18.61137440758294,9.118483412322275,211,success
pd2.hog24.late12.slohog_ttft.s20260823,full_prefill,0.5,0.5,1.0,0.09725329340507366,0.17073535917271945,0.18138468635850358,0.001,0.0010000000000000002,0.0006421822939625386,0.0966111111111111,97.5609756097561,8097.5609756097565,24.0,12.0,0.09588985504645685,0.17564760270862223,0.001,0.0010000000000000002,0.25,0.25,0.0999801701223073,0.14292418089836748,0.001,0.0010000000000000002,1.0,1.0,1.0,0,0,0,237,3156,0.6756756756756757,8.075675675675676,9.302702702702703,0.9634366966071032,1.0,0.09561111111111109,231,13.764,9.832,250,success
pd2.hog24.late12.slohog_ttft.s20260822,chunked_prefill_small,0.3333333333333333,0.3333333333333333,1.0,0.11990041036864094,0.20788098883190473,0.22965255206030719,0.001,0.0010000000000000002,0.0005948548130853575,0.11930555555555558,93.26424870466322,8344.559585492229,24.0,12.0,0.141383772464121,0.21299643224968912,0.001,0.0010000000000000002,0.0,0.0,0.07693368617768075,0.14049950978884682,0.0010000000000000002,0.0010000000000000002,1.0,1.0,1.0,0,0,0,210,2251,0.5478036175710594,8.322997416020671,11.005167958656331,0.9188911704312115,54.666666666666664,0.06463888888888888,200,18.7311320754717,9.68867924528302,212,success
pd2.hog24.late12.slohog_ttft.s20260823,chunked_prefill_small,0.3333333333333333,0.3333333333333333,1.0,0.12158662673840698,0.21382889545263845,0.22326921096256028,0.001,0.0010000000000000002,0.0006421822939625386,0.12094444444444445,88.66995073891626,7359.605911330049,24.0,12.0,0.1428065217131235,0.21611665191673565,0.001,0.0010000000000000002,0.0,0.0,0.07914683678897395,0.12028490262848524,0.001,0.0010000000000000002,1.0,1.0,1.0,0,0,0,183,2287,0.5184275184275184,7.341523341523342,10.609336609336609,0.9567318373694734,55.30555555555556,0.0656388888888889,183,18.96208530805687,9.672985781990521,211,success
pd2.hog24.late12.slolate_ttft.s20260820,full_prefill,0.8333333333333334,0.8333333333333334,1.0,0.0875870238041932,0.16032966321530273,0.16878176956286067,0.001,0.0010000000000000002,0.000559246026415419,0.08702777777777779,100.55865921787709,8628.491620111732,24.0,12.0,0.08980681653514293,0.1648321531887705,0.001,0.0010000000000000002,1.0,1.0,0.08314743834229373,0.12858081413847908,0.001,0.0010000000000000002,0.5,0.5,1.0,0,0,0,226,2824,0.6601671309192201,8.604456824512535,8.62674094707521,0.956996111171772,1.0,0.0860277777777778,219,13.063291139240507,10.713080168776372,237,success
pd2.hog24.late12.slolate_ttft.s20260821,full_prefill,0.7777777777777778,0.7777777777777778,1.0,0.0984373101798595,0.17767589711553017,0.1890689239458654,0.001,0.0010000000000000002,0.0004650879576372866,0.09797222222222221,93.02325581395348,8320.413436692506,24.0,12.0,0.0972320386324485,0.183148760750244,0.001,0.0010000000000000002,1.0,1.0,0.10084785327468153,0.1467784843302232,0.001,0.0010000000000000002,0.3333333333333333,0.3333333333333333,1.0,0,0,0,245,3197,0.6649484536082474,8.29896907216495,8.99742268041237,0.9606420269356128,1.0,0.09697222222222222,238,13.527131782945736,9.589147286821705,258,success
pd2.hog24.late12.slohog_ttft.s20260822,full_prefill,0.5,0.5,1.0,0.09959485481308536,0.17401198002101093,0.18098391374393316,0.001,0.0010000000000000002,0.0005948548130853575,0.099,101.98300283286119,9124.645892351275,24.0,12.0,0.09542543913078766,0.17103200299894417,0.001,0.0010000000000000002,0.25,0.25,0.10793368617768073,0.16904950978884684,0.0009999999999999998,0.0010000000000000002,1.0,1.0,1.0,0,0,0,245,3245,0.7005649717514124,9.098870056497175,9.966101694915254,0.9589322381930184,1.0,0.098,238,14.21774193548387,10.544354838709678,248,success
pd2.hog24.late12.slolate_ttft.s20260822,full_prefill,0.7777777777777778,0.7777777777777778,1.0,0.09959485481308536,0.17401198002101093,0.18098391374393316,0.001,0.0010000000000000002,0.0005948548130853575,0.099,101.98300283286119,9124.645892351275,24.0,12.0,0.09542543913078766,0.17103200299894417,0.001,0.0010000000000000002,1.0,1.0,0.10793368617768073,0.16904950978884684,0.0009999999999999998,0.0010000000000000002,0.3333333333333333,0.3333333333333333,1.0,0,0,0,245,3245,0.7005649717514124,9.098870056497175,9.966101694915254,0.9589322381930184,1.0,0.098,238,14.21774193548387,10.544354838709678,248,success
pd2.hog24.late12.slolate_ttft.s20260821,chunked_prefill_small,0.8888888888888888,0.8888888888888888,1.0,0.12110397684652617,0.22112251273763595,0.22637447287200604,0.001,0.0010000000000000002,0.0004650879576372866,0.1206388888888889,87.37864077669902,7815.533980582523,24.0,12.0,0.14502370529911518,0.22214093236171334,0.001,0.0010000000000000002,1.0,1.0,0.0732645199413482,0.12408009179641079,0.0009999999999999998,0.0010000000000000002,0.6666666666666666,0.6666666666666666,1.0,0,0,0,177,2217,0.5108958837772397,7.796610169491525,10.428571428571429,0.9647776889490192,56.916666666666664,0.06372222222222222,177,18.61137440758294,9.118483412322275,211,success
pd2.hog24.late12.slolate_ttft.s20260823,full_prefill,0.7777777777777778,0.7777777777777778,1.0,0.09725329340507366,0.17073535917271945,0.18138468635850358,0.001,0.0010000000000000002,0.0006421822939625386,0.0966111111111111,97.5609756097561,8097.5609756097565,24.0,12.0,0.09588985504645685,0.17564760270862223,0.001,0.0010000000000000002,1.0,1.0,0.0999801701223073,0.14292418089836748,0.001,0.0010000000000000002,0.3333333333333333,0.3333333333333333,1.0,0,0,0,237,3156,0.6756756756756757,8.075675675675676,9.302702702702703,0.9634366966071032,1.0,0.09561111111111109,231,13.764,9.832,250,success
pd2.hog24.late12.slolate_ttft.s20260822,chunked_prefill_small,0.8888888888888888,0.8888888888888888,1.0,0.11990041036864094,0.20788098883190473,0.22965255206030719,0.001,0.0010000000000000002,0.0005948548130853575,0.11930555555555558,93.26424870466322,8344.559585492229,24.0,12.0,0.141383772464121,0.21299643224968912,0.001,0.0010000000000000002,1.0,1.0,0.07693368617768075,0.14049950978884682,0.0010000000000000002,0.0010000000000000002,0.6666666666666666,0.6666666666666666,1.0,0,0,0,210,2251,0.5478036175710594,8.322997416020671,11.005167958656331,0.9188911704312115,54.666666666666664,0.06463888888888888,200,18.7311320754717,9.68867924528302,212,success
pd2.hog24.late12.slolate_ttft.s20260823,chunked_prefill_small,0.8611111111111112,0.8611111111111112,1.0,0.12158662673840698,0.21382889545263845,0.22326921096256028,0.001,0.0010000000000000002,0.0006421822939625386,0.12094444444444445,88.66995073891626,7359.605911330049,24.0,12.0,0.1428065217131235,0.21611665191673565,0.001,0.0010000000000000002,1.0,1.0,0.07914683678897395,0.12028490262848524,0.001,0.0010000000000000002,0.5833333333333334,0.5833333333333334,1.0,0,0,0,183,2287,0.5184275184275184,7.341523341523342,10.609336609336609,0.9567318373694734,55.30555555555556,0.0656388888888889,183,18.96208530805687,9.672985781990521,211,success
pd2.hog24.late12.slolate_ttft.s20260820,chunked_prefill_small,0.8888888888888888,0.8888888888888888,1.0,0.10994813491530432,0.20146623015989507,0.2154300782108807,0.001,0.0010000000000000002,0.000559246026415419,0.10938888888888888,90.0,7722.5,24.0,12.0,0.1347651498684763,0.206659466577689,0.001,0.0010000000000000002,1.0,1.0,0.06031410500896039,0.09779946540632772,0.001,0.0010000000000000002,0.6666666666666666,0.6666666666666666,1.0,0,0,0,178,1981,0.47381546134663344,7.703241895261845,9.730673316708229,0.960758951444242,52.25,0.05713888888888888,178,18.557894736842105,10.636842105263158,190,success
pd2.hog24.late40.slohog_ttft.s20260820,full_prefill,0.734375,0.734375,1.0,0.10645113021693337,0.16554008625909697,0.1710260051615928,0.001,0.0010000000000000002,0.0004980052169333727,0.10595312500000001,172.04301075268816,15470.430107526881,24.0,40.0,0.08937140046129204,0.16452633569957983,0.001,0.0010000000000000002,0.2916666666666667,0.25,0.11669896807031818,0.1651481650693675,0.001,0.0010000000000000002,1.0,1.0,1.0,0,0,0,240,6410,0.6514745308310992,15.428954423592494,18.008042895442358,0.9580829499124,1.0,0.104953125,233,27.625514403292183,11.201646090534979,243,success
pd2.hog24.late40.slohog_ttft.s20260821,full_prefill,0.71875,0.71875,1.0,0.11562174721997365,0.18078992546039685,0.18686293572957863,0.001,0.0010000000000000002,0.0005279972199736402,0.11509375000000001,162.43654822335026,14576.142131979695,24.0,40.0,0.09711778139477965,0.1833093081502221,0.001,0.0010000000000000002,0.25,0.25,0.12672412671509006,0.17829178803913398,0.0009999999999999998,0.0010000000000000002,1.0,1.0,1.0,0,0,0,262,6973,0.6708860759493671,14.539240506329113,18.486075949367088,0.9615981759133558,1.0,0.11409375000000001,255,27.547169811320753,9.6,265,success
pd2.hog24.late40.slohog_ttft.s20260822,full_prefill,0.71875,0.71875,1.0,0.10890319764045525,0.17749268932591997,0.18100942578133467,0.001,0.0010000000000000002,0.0005750726404552451,0.108328125,167.10182767624022,13357.70234986945,24.0,40.0,0.09581260506212264,0.17244890290310852,0.001,0.0010000000000000002,0.25,0.25,0.11675755318745482,0.17809659386360915,0.001,0.0010000000000000002,1.0,1.0,1.0,0,0,0,251,6551,0.6614583333333334,13.322916666666666,17.888020833333332,0.9599163880907832,1.0,0.107328125,244,27.031496062992126,10.606299212598426,254,success
pd2.hog24.late40.slohog_ttft.s20260822,chunked_prefill_small,0.625,0.625,1.0,0.11496569764045526,0.2059767507576819,0.22359110847387703,0.001,0.0010000000000000002,0.0005750726404552452,0.114390625,167.5392670157068,13392.670157068063,24.0,40.0,0.1421876050621226,0.21484599551918088,0.001,0.0010000000000000002,0.0,0.0,0.09863255318745481,0.16209659386360917,0.0010000000000000002,0.0010000000000000002,1.0,1.0,1.0,0,0,0,231,5173,0.608355091383812,13.357702349869452,18.947780678851174,0.9564090720487266,31.765625,0.082625,229,30.390557939914164,10.682403433476395,233,success
pd2.hog24.late40.slohog_ttft.s20260821,chunked_prefill_small,0.625,0.625,1.0,0.12529362221997364,0.21816553328790533,0.22403987151793964,0.001,0.0010000000000000002,0.0005279972199736402,0.124765625,155.3398058252427,13939.320388349513,24.0,40.0,0.14445111472811298,0.22206441901683643,0.001,0.0010000000000000002,0.0,0.0,0.11379912671509004,0.1592749472213267,0.0009999999999999998,0.0010000000000000002,1.0,1.0,1.0,0,0,0,238,5754,0.5932203389830508,13.905569007263923,19.17917675544794,0.9622732079773789,33.0625,0.091703125,238,31.66122448979592,9.604081632653061,245,success
pd2.hog24.late40.slohog_ttft.s20260823,full_prefill,0.71875,0.71875,1.0,0.12163489327456199,0.17585429303954117,0.1835262668066606,0.001,0.0010000000000000002,0.0005567682745619997,0.12107812500000001,165.80310880829015,14562.176165803108,24.0,40.0,0.09526674850701417,0.17540625026354753,0.001,0.0010000000000000002,0.25,0.25,0.13745578013509072,0.1723418470101635,0.001,0.0010000000000000002,1.0,1.0,1.0,0,0,0,254,7364,0.6640826873385013,14.52454780361757,19.857881136950905,0.9642918029229887,1.0,0.12007812500000001,248,29.894941634241246,10.182879377431906,257,success
pd2.hog24.late40.slohog_ttft.s20260820,chunked_prefill_small,0.625,0.625,1.0,0.11337300521693337,0.19862613531966344,0.21032155412700806,0.001,0.0010000000000000002,0.0004980052169333728,0.112875,160.8040201005025,14459.798994974873,24.0,40.0,0.13453806712795868,0.20506789053843294,0.001,0.0010000000000000002,0.0,0.0,0.10067396807031818,0.14353901833187,0.0010000000000000002,0.0010000000000000002,1.0,1.0,1.0,0,0,0,213,5165,0.5463659147869674,14.423558897243108,17.94486215538847,0.9549391711558299,30.40625,0.08246875000000001,213,31.90366972477064,10.899082568807339,218,success
pd2.hog24.late40.slolate_ttft.s20260820,full_prefill,0.421875,0.421875,1.0,0.10645113021693337,0.16554008625909697,0.1710260051615928,0.001,0.0010000000000000002,0.0004980052169333727,0.10595312500000001,172.04301075268816,15470.430107526881,24.0,40.0,0.08937140046129204,0.16452633569957983,0.001,0.0010000000000000002,1.0,1.0,0.11669896807031818,0.1651481650693675,0.001,0.0010000000000000002,0.075,0.075,1.0,0,0,0,240,6410,0.6514745308310992,15.428954423592494,18.008042895442358,0.9580829499124,1.0,0.104953125,233,27.625514403292183,11.201646090534979,243,success
pd2.hog24.late40.slolate_ttft.s20260820,chunked_prefill_small,0.5,0.5,1.0,0.11337300521693337,0.19862613531966344,0.21032155412700806,0.001,0.0010000000000000002,0.0004980052169333728,0.112875,160.8040201005025,14459.798994974873,24.0,40.0,0.13453806712795868,0.20506789053843294,0.001,0.0010000000000000002,1.0,1.0,0.10067396807031818,0.14353901833187,0.0010000000000000002,0.0010000000000000002,0.2,0.175,1.0,0,0,0,213,5165,0.5463659147869674,14.423558897243108,17.94486215538847,0.9549391711558299,30.40625,0.08246875000000001,213,31.90366972477064,10.899082568807339,218,success
pd2.hog24.late40.slolate_ttft.s20260821,full_prefill,0.421875,0.421875,1.0,0.11562174721997365,0.18078992546039685,0.18686293572957863,0.001,0.0010000000000000002,0.0005279972199736402,0.11509375000000001,162.43654822335026,14576.142131979695,24.0,40.0,0.09711778139477965,0.1833093081502221,0.001,0.0010000000000000002,1.0,1.0,0.12672412671509006,0.17829178803913398,0.0009999999999999998,0.0010000000000000002,0.075,0.075,1.0,0,0,0,262,6973,0.6708860759493671,14.539240506329113,18.486075949367088,0.9615981759133558,1.0,0.11409375000000001,255,27.547169811320753,9.6,265,success
pd2.hog24.late40.slolate_ttft.s20260822,full_prefill,0.5,0.5,1.0,0.10890319764045525,0.17749268932591997,0.18100942578133467,0.001,0.0010000000000000002,0.0005750726404552451,0.108328125,167.10182767624022,13357.70234986945,24.0,40.0,0.09581260506212264,0.17244890290310852,0.001,0.0010000000000000002,1.0,1.0,0.11675755318745482,0.17809659386360915,0.001,0.0010000000000000002,0.2,0.2,1.0,0,0,0,251,6551,0.6614583333333334,13.322916666666666,17.888020833333332,0.9599163880907832,1.0,0.107328125,244,27.031496062992126,10.606299212598426,254,success
pd2.hog24.late40.slohog_ttft.s20260823,chunked_prefill_small,0.625,0.625,1.0,0.131884893274562,0.20933067435538838,0.22283216112691112,0.001,0.0010000000000000002,0.0005567682745619997,0.13132812500000002,151.30023640661938,13288.416075650119,24.0,40.0,0.14230841517368084,0.21877493697165343,0.001,0.0010000000000000002,0.0,0.0,0.1256307801350907,0.1578309721348625,0.001,0.0010000000000000002,1.0,1.0,1.0,0,0,0,229,6239,0.5495283018867925,13.257075471698114,19.672169811320753,0.7599615640934241,32.140625,0.09918750000000001,182,34.9656652360515,10.304721030042918,233,success
pd2.hog24.late40.slolate_ttft.s20260821,chunked_prefill_small,0.453125,0.453125,1.0,0.12529362221997364,0.21816553328790533,0.22403987151793964,0.001,0.0010000000000000002,0.0005279972199736402,0.124765625,155.3398058252427,13939.320388349513,24.0,40.0,0.14445111472811298,0.22206441901683643,0.001,0.0010000000000000002,1.0,1.0,0.11379912671509004,0.1592749472213267,0.0009999999999999998,0.0010000000000000002,0.125,0.125,1.0,0,0,0,238,5754,0.5932203389830508,13.905569007263923,19.17917675544794,0.9622732079773789,33.0625,0.091703125,238,31.66122448979592,9.604081632653061,245,success
pd2.hog24.late40.slolate_ttft.s20260822,chunked_prefill_small,0.609375,0.609375,1.0,0.11496569764045526,0.2059767507576819,0.22359110847387703,0.001,0.0010000000000000002,0.0005750726404552452,0.114390625,167.5392670157068,13392.670157068063,24.0,40.0,0.1421876050621226,0.21484599551918088,0.001,0.0010000000000000002,1.0,1.0,0.09863255318745481,0.16209659386360917,0.0010000000000000002,0.0010000000000000002,0.375,0.375,1.0,0,0,0,231,5173,0.608355091383812,13.357702349869452,18.947780678851174,0.9564090720487266,31.765625,0.082625,229,30.390557939914164,10.682403433476395,233,success
pd2.hog24.late40.slolate_ttft.s20260823,full_prefill,0.375,0.375,1.0,0.12163489327456199,0.17585429303954117,0.1835262668066606,0.001,0.0010000000000000002,0.0005567682745619997,0.12107812500000001,165.80310880829015,14562.176165803108,24.0,40.0,0.09526674850701417,0.17540625026354753,0.001,0.0010000000000000002,1.0,1.0,0.13745578013509072,0.1723418470101635,0.001,0.0010000000000000002,0.0,0.0,1.0,0,0,0,254,7364,0.6640826873385013,14.52454780361757,19.857881136950905,0.9642918029229887,1.0,0.12007812500000001,248,29.894941634241246,10.182879377431906,257,success
pd2.hog24.late40.slolate_ttft.s20260823,chunked_prefill_small,0.421875,0.421875,1.0,0.131884893274562,0.20933067435538838,0.22283216112691112,0.001,0.0010000000000000002,0.0005567682745619997,0.13132812500000002,151.30023640661938,13288.416075650119,24.0,40.0,0.14230841517368084,0.21877493697165343,0.001,0.0010000000000000002,1.0,1.0,0.1256307801350907,0.1578309721348625,0.001,0.0010000000000000002,0.075,0.075,1.0,0,0,0,229,6239,0.5495283018867925,13.257075471698114,19.672169811320753,0.7599615640934241,32.140625,0.09918750000000001,182,34.9656652360515,10.304721030042918,233,success
