scenario_id,policy_name,bulk_pressure,urgent_arrival_phase,urgent_tightness,seed,held_out,status,arrival_normalized_weighted_goodput,unweighted_slo_success_rate,completion_fraction,bulk_n,bulk_slo_success_rate,urgent_n,urgent_slo_success_rate,peak_kv_utilization,steps_over_reserve_threshold,n_steps,n_reserve_deferrals
kvp2.bulk10.phaseearly.tightloose.s20260913,least_laxity_first,low,early,loose,20260913,False,success,1.0,1.0,1.0,10,1.0,10,1.0,1.0641666666666667,897,1424,0
kvp2.bulk10.phaseearly.tightloose.s20260911,least_laxity_first,low,early,loose,20260911,False,success,1.0,1.0,1.0,10,1.0,10,1.0,1.0855,1063,1570,0
kvp2.bulk10.phaseearly.tightloose.s20260912,least_laxity_first,low,early,loose,20260912,False,success,1.0,1.0,1.0,10,1.0,10,1.0,1.0946666666666667,1579,1857,0
kvp2.bulk10.phaseearly.tightloose.s20260913,kv_constrained_online,low,early,loose,20260913,False,success,1.0,1.0,1.0,10,1.0,10,1.0,1.0213333333333334,472,1668,2013
kvp2.bulk10.phaseearly.tightloose.s20260910,kv_constrained_online,low,early,loose,20260910,False,success,0.95,0.95,1.0,10,0.9,10,1.0,1.0211666666666666,1174,1874,1385
kvp2.bulk10.phaseearly.tightloose.s20260912,kv_constrained_online,low,early,loose,20260912,False,success,0.95,0.95,1.0,10,0.9,10,1.0,1.0286666666666666,762,2145,2104
kvp2.bulk10.phaseearly.tightloose.s20260914,least_laxity_first,low,early,loose,20260914,True,success,1.0,1.0,1.0,10,1.0,10,1.0,1.0611666666666666,813,1248,0
kvp2.bulk10.phaseearly.tightloose.s20260911,kv_constrained_online,low,early,loose,20260911,False,success,1.0,1.0,1.0,10,1.0,10,1.0,0.9748333333333333,589,1762,688
kvp2.bulk10.phaseearly.tightloose.s20260914,kv_constrained_online,low,early,loose,20260914,True,success,1.0,1.0,1.0,10,1.0,10,1.0,1.0393333333333334,468,1525,1004
kvp2.bulk10.phaseearly.tightloose.s20260910,least_laxity_first,low,early,loose,20260910,False,success,1.0,1.0,1.0,10,1.0,10,1.0,1.0658333333333334,1536,1698,0
kvp2.bulk10.phaseearly.tighttight.s20260910,kv_constrained_online,low,early,tight,20260910,False,success,0.95,0.95,1.0,10,0.9,10,1.0,1.0821666666666667,1332,1818,221
kvp2.bulk10.phaseearly.tightloose.s20260915,least_laxity_first,low,early,loose,20260915,True,success,0.85,0.85,1.0,10,0.7,10,1.0,1.1161666666666668,798,2467,0
kvp2.bulk10.phaseearly.tighttight.s20260911,least_laxity_first,low,early,tight,20260911,False,success,0.8,0.8,1.0,10,1.0,10,0.6,1.0855,1063,1570,0
kvp2.bulk10.phaseearly.tighttight.s20260910,least_laxity_first,low,early,tight,20260910,False,success,0.8,0.8,1.0,10,1.0,10,0.6,1.0658333333333334,1536,1698,0
kvp2.bulk10.phaseearly.tighttight.s20260911,kv_constrained_online,low,early,tight,20260911,False,success,0.9,0.9,1.0,10,0.9,10,0.9,1.0116666666666667,934,1737,29
kvp2.bulk10.phaseearly.tightloose.s20260915,kv_constrained_online,low,early,loose,20260915,True,success,0.9,0.9,1.0,10,0.8,10,1.0,1.0211666666666666,570,2455,3053
kvp2.bulk10.phaseearly.tighttight.s20260912,kv_constrained_online,low,early,tight,20260912,False,success,0.9,0.9,1.0,10,0.8,10,1.0,1.043,662,2312,489
kvp2.bulk10.phaseearly.tighttight.s20260914,least_laxity_first,low,early,tight,20260914,True,success,1.0,1.0,1.0,10,1.0,10,1.0,1.0611666666666666,813,1248,0
kvp2.bulk10.phaseearly.tighttight.s20260913,least_laxity_first,low,early,tight,20260913,False,success,0.85,0.85,1.0,10,1.0,10,0.7,1.0641666666666667,897,1424,0
kvp2.bulk10.phaseearly.tighttight.s20260914,kv_constrained_online,low,early,tight,20260914,True,success,1.0,1.0,1.0,10,1.0,10,1.0,1.0116666666666667,769,1276,103
kvp2.bulk10.phaseearly.tighttight.s20260913,kv_constrained_online,low,early,tight,20260913,False,success,1.0,1.0,1.0,10,1.0,10,1.0,1.0188333333333333,789,1481,580
kvp2.bulk10.phaseearly.tighttight.s20260915,least_laxity_first,low,early,tight,20260915,True,success,0.7,0.7,1.0,10,0.7,10,0.7,1.1161666666666668,798,2467,0
kvp2.bulk10.phaseearly.tighttight.s20260915,kv_constrained_online,low,early,tight,20260915,True,success,0.9,0.9,1.0,10,0.8,10,1.0,1.035,863,2403,576
kvp2.bulk10.phaseearly.tighttight.s20260912,least_laxity_first,low,early,tight,20260912,False,success,0.9,0.9,1.0,10,1.0,10,0.8,1.0946666666666667,1579,1857,0
kvp2.bulk10.phasemiddle.tightloose.s20260911,least_laxity_first,low,middle,loose,20260911,False,success,1.0,1.0,1.0,10,1.0,10,1.0,1.1005,1140,1543,0
kvp2.bulk10.phasemiddle.tightloose.s20260910,least_laxity_first,low,middle,loose,20260910,False,success,1.0,1.0,1.0,10,1.0,10,1.0,1.0723333333333334,1325,1835,0
kvp2.bulk10.phasemiddle.tightloose.s20260911,kv_constrained_online,low,middle,loose,20260911,False,success,1.0,1.0,1.0,10,1.0,10,1.0,1.049,554,1717,2002
kvp2.bulk10.phasemiddle.tightloose.s20260910,kv_constrained_online,low,middle,loose,20260910,False,success,0.95,0.95,1.0,10,0.9,10,1.0,1.1053333333333333,810,2031,3991
kvp2.bulk10.phasemiddle.tightloose.s20260914,least_laxity_first,low,middle,loose,20260914,True,success,1.0,1.0,1.0,10,1.0,10,1.0,1.0391666666666666,932,1251,0
kvp2.bulk10.phasemiddle.tightloose.s20260912,kv_constrained_online,low,middle,loose,20260912,False,success,1.0,1.0,1.0,10,1.0,10,1.0,1.0693333333333332,942,2030,3597
kvp2.bulk10.phasemiddle.tightloose.s20260914,kv_constrained_online,low,middle,loose,20260914,True,success,1.0,1.0,1.0,10,1.0,10,1.0,1.0613333333333332,441,1463,1509
kvp2.bulk10.phasemiddle.tightloose.s20260912,least_laxity_first,low,middle,loose,20260912,False,success,1.0,1.0,1.0,10,1.0,10,1.0,1.076,1588,1804,0
kvp2.bulk10.phasemiddle.tightloose.s20260913,kv_constrained_online,low,middle,loose,20260913,False,success,1.0,1.0,1.0,10,1.0,10,1.0,1.0263333333333333,763,1671,1698
kvp2.bulk10.phasemiddle.tightloose.s20260913,least_laxity_first,low,middle,loose,20260913,False,success,1.0,1.0,1.0,10,1.0,10,1.0,1.1153333333333333,948,1459,0
kvp2.bulk10.phasemiddle.tighttight.s20260910,least_laxity_first,low,middle,tight,20260910,False,success,0.95,0.95,1.0,10,1.0,10,0.9,1.0723333333333334,1325,1835,0
kvp2.bulk10.phasemiddle.tightloose.s20260915,least_laxity_first,low,middle,loose,20260915,True,success,0.95,0.95,1.0,10,0.9,10,1.0,1.064,1434,1931,0
kvp2.bulk10.phasemiddle.tighttight.s20260910,kv_constrained_online,low,middle,tight,20260910,False,success,0.95,0.95,1.0,10,0.9,10,1.0,1.0901666666666667,1077,1935,96
kvp2.bulk10.phasemiddle.tighttight.s20260911,least_laxity_first,low,middle,tight,20260911,False,success,0.65,0.65,1.0,10,1.0,10,0.3,1.1005,1140,1543,0
kvp2.bulk10.phasemiddle.tighttight.s20260911,kv_constrained_online,low,middle,tight,20260911,False,success,0.95,0.95,1.0,10,1.0,10,0.9,1.0325,820,1667,204
kvp2.bulk10.phasemiddle.tightloose.s20260915,kv_constrained_online,low,middle,loose,20260915,True,success,0.95,0.95,1.0,10,0.9,10,1.0,0.9936666666666667,764,2201,3661
kvp2.bulk10.phasemiddle.tighttight.s20260912,kv_constrained_online,low,middle,tight,20260912,False,success,0.9,0.9,1.0,10,0.8,10,1.0,1.0693333333333332,840,2233,222
kvp2.bulk10.phasemiddle.tighttight.s20260914,least_laxity_first,low,middle,tight,20260914,True,success,0.8,0.8,1.0,10,1.0,10,0.6,1.0391666666666666,932,1251,0
kvp2.bulk10.phasemiddle.tighttight.s20260913,least_laxity_first,low,middle,tight,20260913,False,success,0.7,0.7,1.0,10,1.0,10,0.4,1.1153333333333333,948,1459,0
kvp2.bulk10.phasemiddle.tighttight.s20260914,kv_constrained_online,low,middle,tight,20260914,True,success,1.0,1.0,1.0,10,1.0,10,1.0,1.0205,579,1384,278
kvp2.bulk10.phasemiddle.tighttight.s20260913,kv_constrained_online,low,middle,tight,20260913,False,success,0.95,0.95,1.0,10,1.0,10,0.9,1.0261666666666667,865,1520,220
kvp2.bulk10.phasemiddle.tighttight.s20260915,least_laxity_first,low,middle,tight,20260915,True,success,0.55,0.55,1.0,10,0.9,10,0.2,1.064,1434,1931,0
kvp2.bulk10.phasemiddle.tighttight.s20260915,kv_constrained_online,low,middle,tight,20260915,True,success,0.9,0.9,1.0,10,0.8,10,1.0,1.0146666666666666,723,2525,308
kvp2.bulk10.phaselate.tightloose.s20260911,least_laxity_first,low,late,loose,20260911,False,success,1.0,1.0,1.0,10,1.0,10,1.0,1.0638333333333334,1199,1472,0
kvp2.bulk10.phaselate.tightloose.s20260910,least_laxity_first,low,late,loose,20260910,False,success,1.0,1.0,1.0,10,1.0,10,1.0,1.128,1475,1715,0
kvp2.bulk10.phaselate.tightloose.s20260911,kv_constrained_online,low,late,loose,20260911,False,success,1.0,1.0,1.0,10,1.0,10,1.0,1.0633333333333332,540,1704,2570
kvp2.bulk10.phaselate.tightloose.s20260910,kv_constrained_online,low,late,loose,20260910,False,success,0.95,0.95,1.0,10,0.9,10,1.0,1.0826666666666667,831,1979,4444
kvp2.bulk10.phasemiddle.tighttight.s20260912,least_laxity_first,low,middle,tight,20260912,False,success,0.5,0.5,1.0,10,1.0,10,0.0,1.076,1588,1804,0
kvp2.bulk10.phaselate.tightloose.s20260913,least_laxity_first,low,late,loose,20260913,False,success,1.0,1.0,1.0,10,1.0,10,1.0,1.0581666666666667,1038,1403,0
kvp2.bulk10.phaselate.tightloose.s20260912,kv_constrained_online,low,late,loose,20260912,False,success,1.0,1.0,1.0,10,1.0,10,1.0,1.0693333333333332,890,2078,3554
kvp2.bulk10.phaselate.tightloose.s20260912,least_laxity_first,low,late,loose,20260912,False,success,1.0,1.0,1.0,10,1.0,10,1.0,1.076,1588,1804,0
kvp2.bulk10.phaselate.tightloose.s20260914,least_laxity_first,low,late,loose,20260914,True,success,1.0,1.0,1.0,10,1.0,10,1.0,1.1058333333333332,953,1232,0
kvp2.bulk10.phaselate.tightloose.s20260913,kv_constrained_online,low,late,loose,20260913,False,success,1.0,1.0,1.0,10,1.0,10,1.0,0.9228333333333333,506,1715,1948
kvp2.bulk10.phaselate.tightloose.s20260914,kv_constrained_online,low,late,loose,20260914,True,success,1.0,1.0,1.0,10,1.0,10,1.0,0.999,332,1598,2952
kvp2.bulk10.phaselate.tighttight.s20260911,least_laxity_first,low,late,tight,20260911,False,success,0.8,0.8,1.0,10,1.0,10,0.6,1.0638333333333334,1199,1472,0
kvp2.bulk10.phaselate.tighttight.s20260910,kv_constrained_online,low,late,tight,20260910,False,success,0.9,0.9,1.0,10,0.9,10,0.9,1.079,1305,1823,140
kvp2.bulk10.phaselate.tighttight.s20260910,least_laxity_first,low,late,tight,20260910,False,success,0.55,0.55,1.0,10,1.0,10,0.1,1.128,1475,1715,0
kvp2.bulk10.phaselate.tighttight.s20260911,kv_constrained_online,low,late,tight,20260911,False,success,0.9,0.9,1.0,10,1.0,10,0.8,1.0393333333333334,644,1684,339
kvp2.bulk10.phaselate.tightloose.s20260915,kv_constrained_online,low,late,loose,20260915,True,success,1.0,1.0,1.0,10,1.0,10,1.0,1.059,516,2234,4650
kvp2.bulk10.phaselate.tighttight.s20260912,kv_constrained_online,low,late,tight,20260912,False,success,0.9,0.9,1.0,10,0.8,10,1.0,1.0693333333333332,865,2207,123
kvp2.bulk10.phaselate.tighttight.s20260912,least_laxity_first,low,late,tight,20260912,False,success,0.5,0.5,1.0,10,1.0,10,0.0,1.076,1588,1804,0
kvp2.bulk10.phaselate.tighttight.s20260914,least_laxity_first,low,late,tight,20260914,True,success,0.95,0.95,1.0,10,1.0,10,0.9,1.1058333333333332,953,1232,0
kvp2.bulk10.phaselate.tighttight.s20260913,least_laxity_first,low,late,tight,20260913,False,success,0.8,0.8,1.0,10,1.0,10,0.6,1.0581666666666667,1038,1403,0
kvp2.bulk10.phaselate.tighttight.s20260914,kv_constrained_online,low,late,tight,20260914,True,success,0.95,0.95,1.0,10,1.0,10,0.9,1.0948333333333333,686,1325,169
kvp2.bulk10.phaselate.tighttight.s20260913,kv_constrained_online,low,late,tight,20260913,False,success,0.95,0.95,1.0,10,1.0,10,0.9,1.0656666666666668,767,1549,172
kvp2.bulk10.phaselate.tightloose.s20260915,least_laxity_first,low,late,loose,20260915,True,success,0.95,0.95,1.0,10,0.9,10,1.0,1.0695,1434,1931,0
kvp2.bulk10.phaselate.tighttight.s20260915,least_laxity_first,low,late,tight,20260915,True,success,0.5,0.5,1.0,10,0.9,10,0.1,1.0695,1434,1931,0
kvp2.bulk10.phaselate.tighttight.s20260915,kv_constrained_online,low,late,tight,20260915,True,success,0.85,0.85,1.0,10,0.8,10,0.9,1.049,790,2491,242
kvp2.bulk24.phaseearly.tightloose.s20260910,least_laxity_first,high,early,loose,20260910,False,success,0.7058823529411765,0.7058823529411765,1.0,24,0.5833333333333334,10,1.0,1.1283333333333334,3128,3850,0
kvp2.bulk24.phaseearly.tightloose.s20260911,least_laxity_first,high,early,loose,20260911,False,success,0.7647058823529411,0.7647058823529411,1.0,24,0.6666666666666666,10,1.0,1.1043333333333334,3105,3694,0
kvp2.bulk24.phaseearly.tightloose.s20260913,least_laxity_first,high,early,loose,20260913,False,success,0.7058823529411765,0.7058823529411765,1.0,24,0.5833333333333334,10,1.0,1.1265,2529,3890,0
kvp2.bulk24.phaseearly.tightloose.s20260912,kv_constrained_online,high,early,loose,20260912,False,success,0.7647058823529411,0.7647058823529411,1.0,24,0.6666666666666666,10,1.0,1.024,2287,4201,1081
kvp2.bulk24.phaseearly.tightloose.s20260910,kv_constrained_online,high,early,loose,20260910,False,success,0.7647058823529411,0.7647058823529411,1.0,24,0.6666666666666666,10,1.0,1.029,1972,4965,2412
kvp2.bulk24.phaseearly.tightloose.s20260911,kv_constrained_online,high,early,loose,20260911,False,success,0.8235294117647058,0.8235294117647058,1.0,24,0.75,10,1.0,1.063,2276,4346,2211
kvp2.bulk24.phaseearly.tightloose.s20260914,least_laxity_first,high,early,loose,20260914,True,success,0.9705882352941176,0.9705882352941176,1.0,24,0.9583333333333334,10,1.0,1.1563333333333334,2213,2548,0
kvp2.bulk24.phaseearly.tightloose.s20260913,kv_constrained_online,high,early,loose,20260913,False,success,0.8235294117647058,0.8235294117647058,1.0,24,0.75,10,1.0,1.115,1718,4321,2875
kvp2.bulk24.phaseearly.tightloose.s20260914,kv_constrained_online,high,early,loose,20260914,True,success,0.9411764705882353,0.9411764705882353,1.0,24,0.9166666666666666,10,1.0,1.0668333333333333,1590,2948,2726
kvp2.bulk24.phaseearly.tightloose.s20260912,least_laxity_first,high,early,loose,20260912,False,success,0.6176470588235294,0.6176470588235294,1.0,24,0.625,10,0.6,1.0773333333333333,2462,3694,0
kvp2.bulk24.phaseearly.tighttight.s20260910,least_laxity_first,high,early,tight,20260910,False,success,0.7058823529411765,0.7058823529411765,1.0,24,0.5833333333333334,10,1.0,1.1283333333333334,3128,3850,0
kvp2.bulk24.phaseearly.tightloose.s20260915,least_laxity_first,high,early,loose,20260915,True,success,0.6470588235294118,0.6470588235294118,1.0,24,0.5416666666666666,10,0.9,1.1043333333333334,3333,3962,0
kvp2.bulk24.phaseearly.tighttight.s20260911,least_laxity_first,high,early,tight,20260911,False,success,0.6470588235294118,0.6470588235294118,1.0,24,0.6666666666666666,10,0.6,1.1043333333333334,3105,3694,0
kvp2.bulk24.phaseearly.tighttight.s20260910,kv_constrained_online,high,early,tight,20260910,False,success,0.7058823529411765,0.7058823529411765,1.0,24,0.5833333333333334,10,1.0,1.0455,1738,5079,1195
kvp2.bulk24.phaseearly.tighttight.s20260911,kv_constrained_online,high,early,tight,20260911,False,success,0.7941176470588235,0.7941176470588235,1.0,24,0.7083333333333334,10,1.0,1.0786666666666667,2143,4314,809
kvp2.bulk24.phaseearly.tightloose.s20260915,kv_constrained_online,high,early,loose,20260915,True,success,0.7352941176470589,0.7352941176470589,1.0,24,0.625,10,1.0,1.118,2031,4916,3447
kvp2.bulk24.phaseearly.tighttight.s20260912,kv_constrained_online,high,early,tight,20260912,False,success,0.7058823529411765,0.7058823529411765,1.0,24,0.5833333333333334,10,1.0,1.066,1982,4235,1151
kvp2.bulk24.phaseearly.tighttight.s20260914,kv_constrained_online,high,early,tight,20260914,True,success,0.9411764705882353,0.9411764705882353,1.0,24,0.9166666666666666,10,1.0,1.1113333333333333,1997,2702,972
kvp2.bulk24.phaseearly.tighttight.s20260914,least_laxity_first,high,early,tight,20260914,True,success,0.8823529411764706,0.8823529411764706,1.0,24,0.9583333333333334,10,0.7,1.1563333333333334,2213,2548,0
kvp2.bulk24.phaseearly.tighttight.s20260913,least_laxity_first,high,early,tight,20260913,False,success,0.6176470588235294,0.6176470588235294,1.0,24,0.5833333333333334,10,0.7,1.1265,2529,3890,0
kvp2.bulk24.phaseearly.tighttight.s20260913,kv_constrained_online,high,early,tight,20260913,False,success,0.8235294117647058,0.8235294117647058,1.0,24,0.75,10,1.0,1.0908333333333333,1881,4487,328
kvp2.bulk24.phaseearly.tighttight.s20260915,least_laxity_first,high,early,tight,20260915,True,success,0.4411764705882353,0.4411764705882353,1.0,24,0.5416666666666666,10,0.2,1.1043333333333334,3333,3962,0
kvp2.bulk24.phaseearly.tighttight.s20260912,least_laxity_first,high,early,tight,20260912,False,success,0.5882352941176471,0.5882352941176471,1.0,24,0.625,10,0.5,1.0773333333333333,2462,3694,0
kvp2.bulk24.phaseearly.tighttight.s20260915,kv_constrained_online,high,early,tight,20260915,True,success,0.7352941176470589,0.7352941176470589,1.0,24,0.625,10,1.0,1.1443333333333334,2342,4837,244
kvp2.bulk24.phasemiddle.tightloose.s20260910,least_laxity_first,high,middle,loose,20260910,False,success,0.7647058823529411,0.7647058823529411,1.0,24,0.6666666666666666,10,1.0,1.1346666666666667,2538,4369,0
kvp2.bulk24.phasemiddle.tightloose.s20260910,kv_constrained_online,high,middle,loose,20260910,False,success,0.7647058823529411,0.7647058823529411,1.0,24,0.6666666666666666,10,1.0,1.0378333333333334,1936,4860,3383
kvp2.bulk24.phasemiddle.tightloose.s20260911,least_laxity_first,high,middle,loose,20260911,False,success,0.7058823529411765,0.7058823529411765,1.0,24,0.5833333333333334,10,1.0,1.1281666666666668,3249,3508,0
kvp2.bulk24.phasemiddle.tightloose.s20260912,kv_constrained_online,high,middle,loose,20260912,False,success,0.7941176470588235,0.7941176470588235,1.0,24,0.7083333333333334,10,1.0,1.0503333333333333,1630,4226,2800
kvp2.bulk24.phasemiddle.tightloose.s20260911,kv_constrained_online,high,middle,loose,20260911,False,success,0.8235294117647058,0.8235294117647058,1.0,24,0.75,10,1.0,1.0831666666666666,2037,4366,3148
kvp2.bulk24.phasemiddle.tightloose.s20260912,least_laxity_first,high,middle,loose,20260912,False,success,0.7058823529411765,0.7058823529411765,1.0,24,0.5833333333333334,10,1.0,1.0695,3190,3423,0
kvp2.bulk24.phasemiddle.tightloose.s20260913,least_laxity_first,high,middle,loose,20260913,False,success,0.8235294117647058,0.8235294117647058,1.0,24,0.75,10,1.0,1.1651666666666667,2327,4123,0
kvp2.bulk24.phasemiddle.tightloose.s20260914,least_laxity_first,high,middle,loose,20260914,True,success,0.9411764705882353,0.9411764705882353,1.0,24,0.9166666666666666,10,1.0,1.0848333333333333,2103,2635,0
kvp2.bulk24.phasemiddle.tightloose.s20260914,kv_constrained_online,high,middle,loose,20260914,True,success,0.9411764705882353,0.9411764705882353,1.0,24,0.9166666666666666,10,1.0,1.0818333333333334,1709,2784,5264
kvp2.bulk24.phasemiddle.tightloose.s20260915,least_laxity_first,high,middle,loose,20260915,True,success,0.6764705882352942,0.6764705882352942,1.0,24,0.5416666666666666,10,1.0,1.0893333333333333,3355,3987,0
kvp2.bulk24.phasemiddle.tighttight.s20260910,least_laxity_first,high,middle,tight,20260910,False,success,0.6470588235294118,0.6470588235294118,1.0,24,0.6666666666666666,10,0.6,1.1346666666666667,2538,4369,0
kvp2.bulk24.phasemiddle.tighttight.s20260910,kv_constrained_online,high,middle,tight,20260910,False,success,0.6470588235294118,0.6470588235294118,1.0,24,0.625,10,0.7,1.1293333333333333,1915,4851,897
kvp2.bulk24.phasemiddle.tightloose.s20260915,kv_constrained_online,high,middle,loose,20260915,True,success,0.7352941176470589,0.7352941176470589,1.0,24,0.625,10,1.0,1.1046666666666667,2054,4872,2905
kvp2.bulk24.phasemiddle.tighttight.s20260911,kv_constrained_online,high,middle,tight,20260911,False,success,0.6176470588235294,0.6176470588235294,1.0,24,0.625,10,0.6,1.043,1973,4520,284
kvp2.bulk24.phasemiddle.tighttight.s20260911,least_laxity_first,high,middle,tight,20260911,False,success,0.4117647058823529,0.4117647058823529,1.0,24,0.5833333333333334,10,0.0,1.1281666666666668,3249,3508,0
kvp2.bulk24.phasemiddle.tighttight.s20260912,kv_constrained_online,high,middle,tight,20260912,False,success,0.7058823529411765,0.7058823529411765,1.0,24,0.6666666666666666,10,0.8,1.0743333333333334,2419,4075,1024
kvp2.bulk24.phasemiddle.tightloose.s20260913,kv_constrained_online,high,middle,loose,20260913,False,success,0.8235294117647058,0.8235294117647058,1.0,24,0.75,10,1.0,1.0456666666666667,1486,4672,5054
kvp2.bulk24.phasemiddle.tighttight.s20260914,kv_constrained_online,high,middle,tight,20260914,True,success,0.9117647058823529,0.9117647058823529,1.0,24,0.9166666666666666,10,0.9,1.0523333333333333,2093,2778,342
kvp2.bulk24.phasemiddle.tighttight.s20260912,least_laxity_first,high,middle,tight,20260912,False,success,0.4117647058823529,0.4117647058823529,1.0,24,0.5833333333333334,10,0.0,1.0695,3190,3423,0
kvp2.bulk24.phasemiddle.tighttight.s20260914,least_laxity_first,high,middle,tight,20260914,True,success,0.6764705882352942,0.6764705882352942,1.0,24,0.9166666666666666,10,0.1,1.0848333333333333,2103,2635,0
kvp2.bulk24.phasemiddle.tighttight.s20260913,kv_constrained_online,high,middle,tight,20260913,False,success,0.7647058823529411,0.7647058823529411,1.0,24,0.75,10,0.8,1.1125,1808,4532,413
kvp2.bulk24.phasemiddle.tighttight.s20260913,least_laxity_first,high,middle,tight,20260913,False,success,0.5882352941176471,0.5882352941176471,1.0,24,0.75,10,0.2,1.1651666666666667,2327,4123,0
kvp2.bulk24.phasemiddle.tighttight.s20260915,kv_constrained_online,high,middle,tight,20260915,True,success,0.7352941176470589,0.7352941176470589,1.0,24,0.625,10,1.0,1.084,2079,4973,388
kvp2.bulk24.phasemiddle.tighttight.s20260915,least_laxity_first,high,middle,tight,20260915,True,success,0.47058823529411764,0.47058823529411764,1.0,24,0.5416666666666666,10,0.3,1.0893333333333333,3355,3987,0
kvp2.bulk24.phaselate.tightloose.s20260910,least_laxity_first,high,late,loose,20260910,False,success,0.7647058823529411,0.7647058823529411,1.0,24,0.6666666666666666,10,1.0,1.1183333333333334,2805,4156,0
kvp2.bulk24.phaselate.tightloose.s20260912,least_laxity_first,high,late,loose,20260912,False,success,0.7058823529411765,0.7058823529411765,1.0,24,0.5833333333333334,10,1.0,1.0695,3239,3420,0
kvp2.bulk24.phaselate.tightloose.s20260911,least_laxity_first,high,late,loose,20260911,False,success,0.7352941176470589,0.7352941176470589,1.0,24,0.625,10,1.0,1.118,3261,3551,0
kvp2.bulk24.phaselate.tightloose.s20260911,kv_constrained_online,high,late,loose,20260911,False,success,0.8529411764705882,0.8529411764705882,1.0,24,0.7916666666666666,10,1.0,1.0831666666666666,2462,4077,3135
kvp2.bulk24.phaselate.tightloose.s20260912,kv_constrained_online,high,late,loose,20260912,False,success,0.7941176470588235,0.7941176470588235,1.0,24,0.7083333333333334,10,1.0,1.038,1864,4269,2714
kvp2.bulk24.phaselate.tightloose.s20260913,least_laxity_first,high,late,loose,20260913,False,success,0.7941176470588235,0.7941176470588235,1.0,24,0.7083333333333334,10,1.0,1.1098333333333332,2125,4298,0
kvp2.bulk24.phaselate.tightloose.s20260914,least_laxity_first,high,late,loose,20260914,True,success,0.8823529411764706,0.8823529411764706,1.0,24,0.8333333333333334,10,1.0,1.0848333333333333,2216,2650,0
kvp2.bulk24.phaselate.tightloose.s20260914,kv_constrained_online,high,late,loose,20260914,True,success,0.9411764705882353,0.9411764705882353,1.0,24,0.9166666666666666,10,1.0,1.0818333333333334,1561,2869,4943
kvp2.bulk24.phaselate.tightloose.s20260913,kv_constrained_online,high,late,loose,20260913,False,success,0.8235294117647058,0.8235294117647058,1.0,24,0.75,10,1.0,1.0768333333333333,1734,4404,6540
kvp2.bulk24.phaselate.tightloose.s20260910,kv_constrained_online,high,late,loose,20260910,False,success,0.7647058823529411,0.7647058823529411,1.0,24,0.6666666666666666,10,1.0,1.086,1944,4723,2935
kvp2.bulk24.phaselate.tightloose.s20260915,least_laxity_first,high,late,loose,20260915,True,success,0.6470588235294118,0.6470588235294118,1.0,24,0.5,10,1.0,1.0818333333333334,3525,3901,0
kvp2.bulk24.phaselate.tightloose.s20260915,kv_constrained_online,high,late,loose,20260915,True,success,0.7352941176470589,0.7352941176470589,1.0,24,0.625,10,1.0,1.1046666666666667,2236,4676,3280
kvp2.bulk24.phaselate.tighttight.s20260910,kv_constrained_online,high,late,tight,20260910,False,success,0.7352941176470589,0.7352941176470589,1.0,24,0.625,10,1.0,1.1053333333333333,2011,4851,535
kvp2.bulk24.phaselate.tighttight.s20260910,least_laxity_first,high,late,tight,20260910,False,success,0.5882352941176471,0.5882352941176471,1.0,24,0.6666666666666666,10,0.4,1.1183333333333334,2805,4156,0
kvp2.bulk24.phaselate.tighttight.s20260911,least_laxity_first,high,late,tight,20260911,False,success,0.4411764705882353,0.4411764705882353,1.0,24,0.5833333333333334,10,0.1,1.1281666666666668,3253,3508,0
kvp2.bulk24.phaselate.tighttight.s20260911,kv_constrained_online,high,late,tight,20260911,False,success,0.6176470588235294,0.6176470588235294,1.0,24,0.625,10,0.6,1.0955,1911,4469,158
kvp2.bulk24.phaselate.tighttight.s20260912,kv_constrained_online,high,late,tight,20260912,False,success,0.6176470588235294,0.6176470588235294,1.0,24,0.6666666666666666,10,0.5,1.0686666666666667,2175,4080,788
kvp2.bulk24.phaselate.tighttight.s20260914,kv_constrained_online,high,late,tight,20260914,True,success,0.9117647058823529,0.9117647058823529,1.0,24,0.9166666666666666,10,0.9,1.093,1829,2907,476
kvp2.bulk24.phaselate.tighttight.s20260914,least_laxity_first,high,late,tight,20260914,True,success,0.6764705882352942,0.6764705882352942,1.0,24,0.8333333333333334,10,0.3,1.0848333333333333,2216,2650,0
kvp2.bulk24.phaselate.tighttight.s20260913,least_laxity_first,high,late,tight,20260913,False,success,0.5294117647058824,0.5294117647058824,1.0,24,0.7083333333333334,10,0.1,1.1098333333333332,2125,4298,0
kvp2.bulk24.phaselate.tighttight.s20260913,kv_constrained_online,high,late,tight,20260913,False,success,0.7058823529411765,0.7058823529411765,1.0,24,0.7083333333333334,10,0.7,1.0876666666666666,1539,4619,755
kvp2.bulk24.phaselate.tighttight.s20260912,least_laxity_first,high,late,tight,20260912,False,success,0.4117647058823529,0.4117647058823529,1.0,24,0.5833333333333334,10,0.0,1.0695,3190,3423,0
kvp2.bulk24.phaselate.tighttight.s20260915,kv_constrained_online,high,late,tight,20260915,True,success,0.7352941176470589,0.7352941176470589,1.0,24,0.625,10,1.0,1.1046666666666667,2086,4904,310
kvp2.bulk24.phaselate.tighttight.s20260915,least_laxity_first,high,late,tight,20260915,True,success,0.35294117647058826,0.35294117647058826,1.0,24,0.5,10,0.0,1.0818333333333334,3525,3901,0
